표시이름,채널ID,멤버십등급,가입일
함정우,UCQ-iCxvS1Bhw-ciUhapGF16,일반 멤버,2022-05-27
변재윤,UCEb9b6zgiI8UIcApAHVUdVe,스탠다드,2022-05-27
추지원,UCEip2WT8qnT-eH13Rqjv6_F,일반 멤버,2022-05-27
서채현,UC-ugiJ927uAicfG7kbEfXhL,일반 멤버,2022-05-30
송현우,UCgl_7WzutVfLoAKkkAdVRjF,일반 멤버,2022-05-31
남예린,UCRLAOG2hdy-LxQvFJ9Jdhsx,일반 멤버,2022-05-31
장채은,UCb42VB3g3CXjEcs3ut8aXbO,일반 멤버,2022-06-02
구재원,UCHH2cOawZcKyN6gn1lJcVK6,프리미엄,2022-06-02
허세은2,UCFTkGc5y2fFyE3gTf02PgoR,일반 멤버,2022-06-03
차유현,UCUfL0ts258VxbF_f-vkcgoM,일반 멤버,2022-06-03
안유승,UCi9ryS0WyWFqHwMR_hL-Egb,VIP,2022-06-03
채아린,UCaTm4aIpw-JbGNPecD3_oo0,스탠다드,2022-06-03
고재윤,UCVGonSqBLDSZZXRvnTnoCrE,스탠다드,2022-06-05
제민수,UCrnTwn2gDFxcb1-dmfllSve,일반 멤버,2022-06-06
진유원,UCd8uWtEerYa8158BrDBvKNl,스탠다드,2022-06-07
황승호,UCKSHZ4MbxqdKKqpWfkAEq_V,VIP,2022-06-07
남수빈,UC5kFtI0e17NejtpX881fjYW,일반 멤버,2022-06-08
박건우,UCiNp91GkfU7Xvb5QV44cjUb,일반 멤버,2022-06-08
홍성규,UCjsfjQA4nZTArmkWcQpy2RV,일반 멤버,2022-06-09
탁승민,UCAHsv8tXO-tFmKLmBCpN9dc,일반 멤버,2022-06-10
설정수,UCLwdXi4_7afb6eD_-cL8CZK,스탠다드,2022-06-11
안세원,UCI3QM96phf0HDoYaYu60ydJ,스탠다드,2022-06-12
진나희,UCUfOIejJvkISuIzwF7-Is09,일반 멤버,2022-06-13
어동수,UCmNeBYOtBaQ7KnIqVXjfMoF,일반 멤버,2022-06-13
정성민,UCwPDoKmijr9iS7Uzj_obOJV,일반 멤버,2022-06-13
인지성,UCYoMFduABw1AMbK6yqyhdFi,일반 멤버,2022-06-14
송정규,UC9JnwrzKijyPmUrfk9uQfZR,일반 멤버,2022-06-15
석유희,UCfllJjdLfjOsosMat8Zpffj,일반 멤버,2022-06-16
지민은,UCp9nbocLH6M22RqEZy4d9FC,프리미엄,2022-06-18
변현우,UCUowwjXiiq9JHBV5ew2u4oY,일반 멤버,2022-06-18
양승현,UCwFzQ3g6Hs2w8eYVY0M_q_K,일반 멤버,2022-06-20
금다은,UCZz4WPNUDu_dP74loXypocV,스탠다드,2022-06-20
육예나,UC_w91E_VFcwOH6hJIGOGTWV,일반 멤버,2022-06-21
안민은,UCXbnqw_A8hI6uDDAbvzneM4,스탠다드,2022-06-22
용지현,UCuXwQ4srFeT_b1DUUWGHtYJ,일반 멤버,2022-06-24
신민서,UCC2q5b-Zbi-IWRgkNwRw8J1,스탠다드,2022-06-24
임승민,UC_wcoXt59oFrXk5omzp07w-,프리미엄,2022-06-25
제지유,UC6sCGPe6ROmPWKyRmZ1Udr9,일반 멤버,2022-06-26
이현준,UCL-TU6GQO5B-ueFtByCoGLU,프리미엄,2022-06-26
권하린,UCkyLbBVPzjhr_e6eeA5_yYY,일반 멤버,2022-06-26
변예나,UCAV_d8Jh8koiOq4RWzIp8Bk,일반 멤버,2022-06-26
염서현,UCet3S99fayqz9l3VuQFkO46,일반 멤버,2022-06-27
여동호,UC_-5tAZXl9EO0fs-TS8rJaf,스탠다드,2022-06-27
고나희,UCPqJLTA3wib293_HT__cPDI,일반 멤버,2022-06-27
모태기,UCFVex3kkqUdlzevp5I-_opZ,프리미엄,2022-06-29
연수원,UCuA0KAeK0txohxtD_p2gdh4,일반 멤버,2022-06-30
진민수,UCiAja9mWRYvsyTZdN5wFRSa,일반 멤버,2022-07-01
인민원2,UCGNtQEg4P30iSamTik3XWlo,일반 멤버,2022-07-01
주유빈,UCxMK9ta89BilNBfzqtTvs9p,일반 멤버,2022-07-02
구다희,UCrqez4SdU4tWMFFER0Dcx73,스탠다드,2022-07-04
한정기,UCbmh2Zd2G05WZhM9_ca0v_y,프리미엄,2022-07-05
허수현,UCn5p83RtrPowK3aV0zaaeHy,일반 멤버,2022-07-08
주지민,UC-DwCFSwXW3Ip25l7MIwr1x,일반 멤버,2022-07-08
안지환,UC6wWtccMOjKBxzHgE79oWmt,스탠다드,2022-07-09
장승현2,UCRRaiJEi1DO7WB58qkAe0xJ,스탠다드,2022-07-10
엄현우,UCMr3MqBpyfFwmX7Qfyiw5d5,스탠다드,2022-07-12
탁유현,UCFjWCXy1oe4Xl2b4a0Dbqvj,스탠다드,2022-07-13
함유나2,UCe4dX_5nYGkE0vnO0kyIOng,일반 멤버,2022-07-13
구유희2,UC16ALZnnJkMbu1mjXhkzBvh,스탠다드,2022-07-13
심채현,UCc8AEXSu_UgzCVA2DTIMpUM,일반 멤버,2022-07-14
유주원,UCRaIo14cmNOeErizmEVr_99,스탠다드,2022-07-14
유채현,UCxZFlomGepjNSFzLa7W3ZJt,일반 멤버,2022-07-15
최서은,UCzT7hUbL8A5TM8Fr4cxLVGb,일반 멤버,2022-07-15
심태수,UCCjGV2QCv_ghKxfcxNKiOxf,일반 멤버,2022-07-16
윤민찬,UCM7U4wAOyTb8kyuRsZNtSfP,프리미엄,2022-07-21
전승현,UCHfU0MfOJwCLBMLArRdIkbv,일반 멤버,2022-07-21
도준기,UChEeXoFrI4m-Bj3IsHyQ0_8,일반 멤버,2022-07-21
인예현,UC7fhIQEjCClBCxuAprlTRJ8,일반 멤버,2022-07-21
주하은,UC5-2yKOaYVt_mQ0aWv53c0S,스탠다드,2022-07-22
마수은,UCA8QsgtKbf3xLn_X4paCl9r,스탠다드,2022-07-25
손승현,UCZj3AALFx9c4CBF8AJz1ALR,VIP,2022-07-27
문예지,UCiZ3tRL69533hwJMYnR8hwl,일반 멤버,2022-07-28
어유진,UCEs8b1mDLrme5HBQSIYjH_9,스탠다드,2022-07-29
강유은,UCJHNvON2OdRVztl2Aydpp4f,스탠다드,2022-07-29
문아린,UCnau5xHqH1XfaRccUy5HnLQ,일반 멤버,2022-07-30
국준우,UCHym5duzddDYcJjVymEPMwD,일반 멤버,2022-07-30
탁태호,UCj_i59M3IGR7kwtUUHQUsqQ,스탠다드,2022-07-31
공태양,UCltcf1yqnE0Z93UoJT2cns1,일반 멤버,2022-08-02
석세은,UCjKXSLtj5BD36EiM-ZjDW1D,스탠다드,2022-08-03
채유나,UC37fnP0qF3a9am28IDBLQRt,일반 멤버,2022-08-03
육세아,UCkOHXpMLrCVF5K9ausa3pCH,일반 멤버,2022-08-03
박준규,UCiggYOaAy9gntToRrm7FSla,프리미엄,2022-08-04
한소진,UCnZG882K9dqmZA5uqY6q4p7,스탠다드,2022-08-05
모지훈,UCWD6oMviDcsDPh_mKOZaKqf,일반 멤버,2022-08-07
안예린,UCS3SzgCTMUp28ZPQb1dNkhd,일반 멤버,2022-08-07
손시우,UCaHGbfLZ9cj3VqkiyXDl9eA,일반 멤버,2022-08-07
여동기,UCsUUrMjm85tIVEt63_HpxFy,일반 멤버,2022-08-08
배지민,UC7R36rWtNw_5BtPINCd7kRS,일반 멤버,2022-08-09
이동현,UC0Uj6tqxGd2X46HgU8Qwnmv,일반 멤버,2022-08-09
윤예은3,UCbR_khOXrzywUGjzJ0aWvrA,일반 멤버,2022-08-09
추다현,UCojnckp7Ob7XxplvSF6fCJR,일반 멤버,2022-08-10
원동우,UCi2oZbWBI-QTQXq0ZlDi3eY,VIP,2022-08-11
어다현,UCsMxjMA-DpGOYm6iAYQy4Iu,일반 멤버,2022-08-11
서준기,UCLGdpWTrNUD_mEFADJnV-jJ,스탠다드,2022-08-13
방나희,UCtkBXvfdUXFJPOQd63YLooa,일반 멤버,2022-08-13
탁다현,UCNjwO7hPpYf_ixMHIk9Nc29,일반 멤버,2022-08-14
신승찬,UCLFy-vSyMi3-v0kqiHOZkwG,일반 멤버,2022-08-16
구서연,UCJRobQMfz0xZx7uukF60IzW,일반 멤버,2022-08-16
모수아,UCQyCFqfmcaCMR_C50jT5Dti,일반 멤버,2022-08-17
육동수,UC9VEpc0_JGroJzSngYuOZvy,스탠다드,2022-08-18
옥수은,UC90HaSJbtQQ54SeODzFsux6,프리미엄,2022-08-19
전유환,UCzy14Dw0FCbxEBsaTeZ4JYJ,일반 멤버,2022-08-19
류민기,UC1hE5neRUrkk1mQ2Kg4r4tU,일반 멤버,2022-08-20
안서원,UCBjBPMfGwOA6x4jkfZzY_Ms,일반 멤버,2022-08-22
유채은,UC3S3uCPYz8FAg_a0v5uS5_b,스탠다드,2022-08-23
마예은,UCuRbGhuEFVIZdymzaXiFtdP,일반 멤버,2022-08-23
옥하영,UCNe7JkABpnmG6R-rDPmr3jU,일반 멤버,2022-08-23
방성찬,UCZ4G3bgCvAo2dYDth3W84tE,프리미엄,2022-08-24
강성민,UCidTQyxGYEsgB4Sw5Qe4RE2,스탠다드,2022-08-25
남예현,UCVJnxyrT0BLrB1ZrL0Yxs0p,일반 멤버,2022-08-26
손예원,UCL2QJ6azhmX4ANOygI3N0Sz,프리미엄,2022-08-26
설채원,UComV32yk86MIPBwfTQr7p0C,일반 멤버,2022-08-28
지성찬,UCr9TzzKlwsqZ1a40wLB8X-b,스탠다드,2022-08-28
엄유빈,UCzwRGglwO8Wah9VbtLBac29,일반 멤버,2022-08-28
함태호,UCHzyCv-apbPaQefoZE4OQ7N,일반 멤버,2022-08-29
류지성,UCO8UV-ZoAT5TB-0bICUPg0Y,일반 멤버,2022-08-30
금서준,UCiOxwMSMuiby0W2eCVLkeBs,일반 멤버,2022-08-30
양서원,UCVupEQKauiOiGUHCTMy7XK5,일반 멤버,2022-08-30
하성호,UC-3ojraF5MHYV2FDKHD1TGl,일반 멤버,2022-09-01
여준기,UCttgO3_dcq8-l_MC7QKsnp7,프리미엄,2022-09-01
천하영,UCOP18DpA5h13_RBb6CkeuQf,일반 멤버,2022-09-02
박서연,UCQmeM4xA_u-eKV2S9em9BLD,VIP,2022-09-03
여지희,UCnVrbg_axzJvCv0RMh2_lcJ,일반 멤버,2022-09-04
유하린,UC6UEy4vsh_KVZnDekWy7RSz,VIP,2022-09-04
여정찬,UCOp-w_c2Y21UCUygK2LPrPY,일반 멤버,2022-09-04
권지호2,UCPPCkv4PTBIEpBykLgEb3rz,일반 멤버,2022-09-04
반민원,UCnkGLgEQm33AHzvapZd-7fN,일반 멤버,2022-09-05
한다현,UCAgtZfDO9BiU-9e_b-svs9e,일반 멤버,2022-09-06
하현준,UCe-_cDiJKq_jGFCdEu0NPYt,스탠다드,2022-09-06
맹준서,UCiYf7eFI0-Y_8YpAaufKQro,프리미엄,2022-09-07
기지현,UC3GbRw2OtLWFaWX7lOXlxTn,일반 멤버,2022-09-07
권예나,UCFoJdQLO6-FXePWujGD2bN9,일반 멤버,2022-09-07
진준규,UCttSufxMfATiruQ_ha5FTkY,프리미엄,2022-09-08
염나은,UC_3_XFakcUyjwp2ZzImcm-I,프리미엄,2022-09-09
심정수,UClM8Ncr1WD_YzSfiQDuimTJ,일반 멤버,2022-09-10
진유현,UCK_imS5hl314-4exQ40kbqF,일반 멤버,2022-09-10
서서원,UCBj8k46F0wD8DSe7xSZyENj,VIP,2022-09-12
추현준,UCzkgrV21rDSam4A4Lc52ZSF,스탠다드,2022-09-13
한유진,UCGRzL1xmHOwkmlgVMBw9Khg,일반 멤버,2022-09-14
허정규,UCKwam9m8TEDxL6pFJ0zHlZb,스탠다드,2022-09-14
한동수,UCpF3P2Wwlv_md_CK761K9D7,일반 멤버,2022-09-16
고소율,UCOt-YAYK7ywVmGWciQ0i2Mr,VIP,2022-09-16
강수빈,UCZoRRw1cEQFCMNCTCeLlu_Y,스탠다드,2022-09-16
은채은,UC1ESlJsft6yaj3Z0v8ORT5i,일반 멤버,2022-09-17
연예은,UCFmW4bdWlY4YmzPhBlQJI9U,일반 멤버,2022-09-18
유준규,UCOvBKVnypy6kUOSBHK03WMI,스탠다드,2022-09-22
안예원,UCItGWL8SHkemEK0XuZL6_rd,스탠다드,2022-09-22
채예나,UCq8FR_xWT7dfs9Wzr9xa3tO,일반 멤버,2022-09-23
강수원,UC0V9wiUcq9hgac-PyE0X4tb,일반 멤버,2022-09-23
모예원,UCdyJ5LsX0qnwzCI6vCm1Yfj,스탠다드,2022-09-24
공동현2,UCTSKLIJ--kurmnLTIAd_cJx,일반 멤버,2022-09-24
마승찬,UCYqN1uWF8v2rJTFINbYgq4L,일반 멤버,2022-09-25
옥선우,UClGr08Y6gWw4sY__XsPipXK,일반 멤버,2022-09-29
진태규2,UCgKdTTWyXZXRwFa7_68tDJi,스탠다드,2022-09-30
진유나,UCdY9fvfqJ8Ttg4jm2_uhNae,프리미엄,2022-10-04
어가은,UChASV8_2GJHgrTHD9eIcMEU,일반 멤버,2022-10-04
하태기,UCmW6sGpHhgOeeWNI5Q2O7xQ,일반 멤버,2022-10-06
차선우,UCxca_9hcC595hCUxmAlNTed,스탠다드,2022-10-06
염성찬,UCAoaiDmb-otZYxGSUbLrbNN,스탠다드,2022-10-06
구유희,UCoN350AymuDYMdcWbdRniqq,일반 멤버,2022-10-07
선나원,UCmUgLVqbqJ89sr2m3CDztey,스탠다드,2022-10-07
표주원,UC85HRXTjSNeZ8UpwjC-hYdU,스탠다드,2022-10-08
반지아,UCL9HQHRnYsV2SFd1mtCEkFW,스탠다드,2022-10-08
신유환,UCyIojnWRDVwH_F-use17Xmg,일반 멤버,2022-10-08
남성기,UCuj31bs7maHkNz2ZFpLMsCJ,프리미엄,2022-10-09
송유환,UCZDmmlM4-TmcCAnWsPDYgxM,일반 멤버,2022-10-09
공다원,UCbsxIgzZVMA2alF6rM4QIIL,일반 멤버,2022-10-09
우예나,UCX67mEE2t5TppMHJ60YAtQt,스탠다드,2022-10-10
길다희,UCr6Vusb3bSalcl4wQRkbGT8,일반 멤버,2022-10-10
배성기,UCmFttbj9LgUcOM9CqxpVKgI,일반 멤버,2022-10-11
소다은,UCyYaBf58-yfGwF-Z1qcdpTg,스탠다드,2022-10-12
최정수,UCuUwyoUjSrwAzVjA2Cb3dYt,스탠다드,2022-10-12
마나현,UCQrSg3p-elhSqf3puqJgcMH,일반 멤버,2022-10-12
엄승수,UC8eR-RnAx6TizarXQEmpLXB,스탠다드,2022-10-13
허재원,UCsMpZ9IiO8t0E1r89-lSm-T,스탠다드,2022-10-14
권지호,UCEAtiPwQ0OdMIKqi6ozWKSX,일반 멤버,2022-10-16
권하영2,UCuB3i_MEe2xevzrWLgRjvGI,일반 멤버,2022-10-16
안다원,UCycSa6ebIhDTRDHSzTttUBO,일반 멤버,2022-10-17
소세원,UCO7yzEmv_-7kHfZaGng7aA_,프리미엄,2022-10-19
차은현,UCdgJW9NAnj5jpnaAWoSTBwR,일반 멤버,2022-10-20
왕하린,UCxQXpaSyQOf3e8L7LMzf58T,일반 멤버,2022-10-22
현준규,UC2jLJxlVWWq2pOlcs6XdmaG,일반 멤버,2022-10-22
변하희,UCuE50umTdMEL0hpbvj98T_t,일반 멤버,2022-10-22
변나은2,UCQfCBjDOcTBxQCGhVFm4HyM,스탠다드,2022-10-24
윤준수,UCUEomtb1h5Vj8YTjex16utj,프리미엄,2022-10-25
손동현,UC7M0-wFmOoQQgewC5r6czJm,스탠다드,2022-10-25
유다희,UCD-38Jf0jYhZV90hRIeh59S,스탠다드,2022-10-26
남소율,UCMDb5LnjPDjDVuqClkDhp22,스탠다드,2022-10-28
인은서,UC5SO2lmXrWUpINyY9rX5Zsn,스탠다드,2022-10-28
연유희,UCA5azYG81mict1MfCc8-gSB,스탠다드,2022-10-29
용유은,UCjmWxVuVBrMtoY3lIAzVwjB,일반 멤버,2022-10-30
엄채희,UCy6O6FmjaaYHR5SeXUj2quj,일반 멤버,2022-10-30
서수현,UCewUh66kYpopNyM_eAAldVh,일반 멤버,2022-10-30
편서은,UCJrV2yePnJNfxHG-v0xWU6v,일반 멤버,2022-10-30
김윤서,UCOW-vE0odvcd12rRPUItKnq,스탠다드,2022-10-30
함유나,UC5Fv_h3v97KmL7QM7LppG85,일반 멤버,2022-10-31
구하린,UCLxE-QlT06CTxj-Y91FqyNE,스탠다드,2022-11-02
지준기,UCt6VGX9waX03WUCRagN1xYk,일반 멤버,2022-11-06
채채원,UCTV6OzO961qOthb4pq3Hp0Y,프리미엄,2022-11-08
서하준,UC0EMC6Fl1OByTtp7afsyoid,스탠다드,2022-11-08
차민준,UCxFd-Bnm0pdhJ2NLrOmsyJV,일반 멤버,2022-11-08
구예린,UCtBaZtRkD9LXc5Jw_qik6mj,일반 멤버,2022-11-09
구민성,UCoMFUZaHlh9qsE3wCVO6wD5,일반 멤버,2022-11-09
석채원,UCdkgGRtYfEx5jbS-dHsd6Gj,일반 멤버,2022-11-09
육수현,UCLY6L5szGCX8RkWQiq-ko7y,프리미엄,2022-11-10
구도윤,UC74-EOsvgl8vK8zjb5Y4X6P,일반 멤버,2022-11-10
기유준,UCBS5fAeGevTHqE8EAsVCLHQ,일반 멤버,2022-11-11
기현우,UCX8BPVqzHISgZidRopWO0tC,일반 멤버,2022-11-12
탁지현,UCHxvqatXWWpOO2z0Pgw4NdK,일반 멤버,2022-11-13
설유나,UCgcfAB8Y1Pgi3_7XhRajPr7,VIP,2022-11-16
진준서,UChSxbCIENGQ7YE6aVgVHh4u,일반 멤버,2022-11-18
구은서,UCTZQdjMmSh2ksSFV3NH7j1F,프리미엄,2022-11-18
심준규,UCQa50U8U0z_CGA2YyPweTdg,스탠다드,2022-11-19
구준기,UCxGgInN1amefkOKe7hPEBuw,일반 멤버,2022-11-19
손태찬,UCaLjBcXm4ux1goqNzrpTgvC,일반 멤버,2022-11-20
홍준기,UC_5dFjoFteDZ-A4iwPxJIWD,일반 멤버,2022-11-20
기유희,UCpM7tksbTE-hVQDNmSIolTa,스탠다드,2022-11-21
탁서현,UC0w_xUM6wumUsoc-LXg_fIv,일반 멤버,2022-11-22
편승기,UCFFSo_APTEZ_KKIfejExzZw,일반 멤버,2022-11-22
신준규,UC9FDBCAqBUeBBwtYJL2nIq5,스탠다드,2022-11-23
우민호,UC0ekqSXlVWG29byBkntTBIF,스탠다드,2022-11-24
권예은2,UCvSbzU5RIuvYDeEe53rZj5E,일반 멤버,2022-11-24
허지환,UCZh-ivTDgFIYSsOQgvSmarC,스탠다드,2022-11-25
안다현,UCOO9CORwcqDWrhbpiT14XHy,일반 멤버,2022-11-26
천정수,UCA_VmQgeXuErOtIicOol8QU,스탠다드,2022-11-26
강예은,UC-26zy6qzAFxYeRaTrZTfFE,일반 멤버,2022-11-29
신나은,UCyaO51r_aMin2qXWWzzoW-n,프리미엄,2022-11-29
전민성,UCep58hhlw2FKVH-S-X8PHpy,스탠다드,2022-11-29
여지성2,UCZvOgSKma6_WvAJtdTAJIgs,일반 멤버,2022-12-01
도지희2,UC2fQqS491AAvzVjKYDS0tXz,일반 멤버,2022-12-02
진태규,UC6ammQy03A4szsgdYaBDYwE,일반 멤버,2022-12-02
문민원,UCz_i4wvmgizjAqgpRCGeuzH,일반 멤버,2022-12-02
안승수,UClZ-OAKtNEy2lPd5pA8b3E1,일반 멤버,2022-12-03
윤유환,UCAs7ehZlzHcWTVIKrZZSjU-,프리미엄,2022-12-05
맹승규,UC-MiJZ1Xad74vs3zFFPtp3w,스탠다드,2022-12-06
안재윤,UC2Dk3uivbTsbf18yz0gRfIo,일반 멤버,2022-12-07
소예준2,UCXdPQYSgQLvlS53T44Xgm8N,일반 멤버,2022-12-08
어시우,UCabEEJ5khED3AdRmWkkdEWR,일반 멤버,2022-12-09
변채은,UCsC-b-dGRxVYIE8Q9KrFzeX,프리미엄,2022-12-09
선도윤,UCzBnd8RLxXVX_2Iq-vPJ97U,일반 멤버,2022-12-11
연민성2,UCDtr703aPGkyEAusMCi8pZn,프리미엄,2022-12-11
하윤서,UC4mhmKnqccAo_wJTIyb0xnc,프리미엄,2022-12-12
한태기,UCwmjA908p9l9y8-i0J1yE3G,일반 멤버,2022-12-13
여동현,UC14uXSHFN-DTFJ9U8AepwTC,일반 멤버,2022-12-15
은동호,UClGzEzsXxCN3EEbj_jbZPuZ,일반 멤버,2022-12-15
여준혁2,UCaFUKUZ2ZlMQ5Y1m-0dPH-n,VIP,2022-12-16
위준서,UChytxCxagpZ9AF06nswAUwr,스탠다드,2022-12-17
양나현,UCN757vYExIwryFBCbIIO_Eu,일반 멤버,2022-12-17
왕동우,UC4vfsTwuw30Z8wny4FouVCP,일반 멤버,2022-12-17
홍건우,UCC8hDPcSDiINyPD0Ke0x286,스탠다드,2022-12-19
강가은,UC7F6vO9f0hwcXM2wiUXLpXj,VIP,2022-12-20
양준규,UCr2WvT2XxM2rlUsIBA1f_s-,일반 멤버,2022-12-21
추채원,UCfjIq7UCwHfwPcJesMBavhO,프리미엄,2022-12-22
편민은,UCd8Y-RtICcy7gosCk4MiB_j,일반 멤버,2022-12-23
탁승기,UCHxL5sMCdUF4_fiMkKC_XlE,스탠다드,2022-12-24
황하은,UCF_lp9vAhvNo3ISpPXU2Kpb,스탠다드,2022-12-24
설시우,UCzrFCz2YrrjG-kFbSHvIweS,스탠다드,2022-12-25
인지아,UCyPauRxcJFufRDnS36rdSML,스탠다드,2022-12-26
장예현,UCOAU9j-mxg3yhN8SdJhlq6e,프리미엄,2022-12-26
남예희,UC1Oh0JZ2WKxvMoCJ4wsgIsP,일반 멤버,2022-12-26
명유나,UCjhas3mbatiYz_IVBNr0UjC,스탠다드,2022-12-26
노승현,UCoJWm8r7s3y1_zQXrqvW4hg,일반 멤버,2022-12-27
신소희,UCgujSbtZJHCNLmMPnm0bNvi,스탠다드,2022-12-29
여지아,UCGrTUg6-vErJiKt8-qYtnVj,스탠다드,2022-12-31
육재호,UCZMKgPROPsOQYQ5ULzBQU7u,일반 멤버,2022-12-31
홍하준,UC7o8qo38IPF9aj9dZUrhTwS,스탠다드,2023-01-01
유지현,UCt_HlxxMHtBDMmN943JAwwa,프리미엄,2023-01-01
남예현2,UCBYnxXx9gGsmhKGVBMu5niM,일반 멤버,2023-01-03
지민은2,UC0mbFsm4Tqc_PqRey-M-b_v,일반 멤버,2023-01-04
맹동우,UCP7OzKutkmrFcq8-RbLFQm_,스탠다드,2023-01-04
추예은,UCQEmbaXUagf7DjrHfwjM8HC,스탠다드,2023-01-05
박유환,UC_EJwlLtgAVqpbHhjHNmYgl,일반 멤버,2023-01-09
추준우,UC-xguLyQo05SY0S8DzhAyXE,스탠다드,2023-01-09
변서준,UCGq9IzvcufIgO7a6jMGc2s8,일반 멤버,2023-01-11
위동우,UCoqBYmqz3OAlwRocPJYVl-w,스탠다드,2023-01-11
전지아,UCx6_r6FtQq2nR_NjBB14fHL,스탠다드,2023-01-13
권지은,UCrqsUAJGcwQ2a1No-VLbIou,스탠다드,2023-01-13
변정찬,UCwhBk6cBukNxetPMDVmIy0d,프리미엄,2023-01-13
선수지,UC-Hmu2cv41DDuvb7it0DegZ,일반 멤버,2023-01-13
한성규,UCQvLrt1hoUuYJ6laQ7psfZw,VIP,2023-01-13
조유경,UCPUZYX0FM2PD9gGO9dPHLB2,스탠다드,2023-01-13
엄수아,UCpmTskXkP20XhlggblcVyIA,일반 멤버,2023-01-15
금유진,UCqjUlzSzJPnNefTUB4eqQEG,일반 멤버,2023-01-15
천세아,UCKAluQwGbswTJ-MfA9NYVfK,일반 멤버,2023-01-16
육유찬,UCQ9luadKsuJHrhzC8f-2Tzf,스탠다드,2023-01-17
염세은,UC7RUxVNL0MUUgMnK54veyhS,일반 멤버,2023-01-17
강민수,UCCGtzuWxFc9Ge5r9sVX-dsu,스탠다드,2023-01-17
유성민,UCylhm1GTuaxyuM7PD6hp50M,일반 멤버,2023-01-17
남동호2,UC3sErxJJvi293i-SEfewDod,일반 멤버,2023-01-17
최민서,UCHYvMciR6vt4xzWSnF_FQp-,스탠다드,2023-01-18
국민재,UC364eeRkJyZTWNqMMSU98Es,일반 멤버,2023-01-22
천민희,UCNK_4MkaB3T1JWs49nLqeQ8,스탠다드,2023-01-22
박서준,UCGPRuKK3dvOpbIV59Ca73cW,일반 멤버,2023-01-25
남나은,UC27DHw0jKVJ7xIDClvfP8Gz,스탠다드,2023-01-25
반윤서,UCc-9We9At-I1u7Onvk8-fIi,프리미엄,2023-01-26
한승현,UCJOpAU2ouG7JqGq7X4Rv9Mr,프리미엄,2023-01-29
진지환,UCO2gb2_CWnXK8U8VUcOtO8X,일반 멤버,2023-01-29
천나원2,UCuXBez9qaXBiE7O8YgK9seo,일반 멤버,2023-01-30
지정호,UCJxho7KiinKUvwFUS62wenw,일반 멤버,2023-02-01
최승기,UCxuwmjpW6Koq4rMPhi6qlC-,일반 멤버,2023-02-02
기성규,UCtx4Hctp9X5qQIZHENURIN-,스탠다드,2023-02-03
서민수,UC6iPlNCTt6oJjq2E1LjdQg3,일반 멤버,2023-02-04
함시우,UCZw_-uBsDw4AM6qiZUa70X1,프리미엄,2023-02-06
맹민찬,UCKHKjRXilK7ANRVh8t7tlq6,일반 멤버,2023-02-06
기하준,UCR9SdPPIsWzVfM8fgTRVoiF,일반 멤버,2023-02-08
주태규,UCu40GgAP-iI8WaAG6IITsXz,스탠다드,2023-02-10
임승우2,UCsI3rent2DxXjtVckRMJ1jW,일반 멤버,2023-02-11
황서현,UC-ZYyWe6BtUTne8kxHPqjhm,프리미엄,2023-02-11
권유준,UCfdGDdtwL3Y5WTv4EJZ2y02,프리미엄,2023-02-14
민지우,UCiwDYcqS8-96uAyJ7auRr4x,일반 멤버,2023-02-15
임유경,UC-E9-7J4nTQoToK2exZXGAV,일반 멤버,2023-02-15
홍예나,UC8ihE-oPSuOO75WELFL2eFo,일반 멤버,2023-02-16
차지현,UCRhnAP9i8r76v1Iw_0lwJO0,일반 멤버,2023-02-18
유예준2,UCg917zxy7FoULH3CrOWay8k,일반 멤버,2023-02-18
이수빈,UCsgyuA2m0p6VGFiuhPoRd1N,일반 멤버,2023-02-19
오건우,UCwp6ekqYr1SLv11q0jUyhvG,스탠다드,2023-02-21
석나은,UCEMctj3IeNQOuuvjdNpNTu5,일반 멤버,2023-02-21
배시현,UCeyZlbc_36E8_BkDfEyJyum,일반 멤버,2023-02-23
손서연,UCTqLjKZ_GPb8Q-cb_Y8A4Ha,일반 멤버,2023-02-24
박예희,UC2IQP_O1IAF2HvL00FKQChy,프리미엄,2023-02-25
허준혁,UCufKAWosUoXjIlgE3gFeZFZ,스탠다드,2023-02-26
민서윤,UClO_I44x7OwtkkjvkKtpK25,스탠다드,2023-02-27
손승준,UCgL8_tl030top1UEKaJGZGB,스탠다드,2023-02-27
민승우2,UC5qrMIZqhi8W2rIxVpLbu5Q,일반 멤버,2023-02-27
여승현,UCGNhJSrNpeN-p17fJtJ8Osb,스탠다드,2023-03-01
지세원,UC2mc8AeHV7L5t5EW3rjC9hs,스탠다드,2023-03-02
권수원2,UCClHQAKW1YPiCfxosfkZDfx,스탠다드,2023-03-02
왕주원,UCAzlKBc0cktMXDIbX7BLbWv,스탠다드,2023-03-03
인수은,UCojZZGeCAM8yW623fJ_shAp,일반 멤버,2023-03-04
반유승,UCcOYfiSR-XGcd22c-uYMBVU,스탠다드,2023-03-04
기서은,UC8nCidEdKI-IaMbk5i1XR-o,일반 멤버,2023-03-05
노나원,UCs0DE5O_U-NhAf3Q9Kr4wim,일반 멤버,2023-03-05
장하현,UC9lTRotDh2y_xwYLjp_Yz6R,스탠다드,2023-03-06
서유진,UCV5outAm2-uaonDWr-BjYrf,스탠다드,2023-03-07
변하영,UCohk54rWHEeMR7gj-cYGrLI,일반 멤버,2023-03-10
왕소진,UCBVWXH_nqqG1czwSSGgzMZY,일반 멤버,2023-03-10
송하원,UCWxLWYoyzmU_ekoauDPW4bH,일반 멤버,2023-03-12
함정찬2,UCsvoKV6IK5rzlzrxY7uQWa4,일반 멤버,2023-03-15
도은은,UC3R3NsWyygKoL3v8QzOZztV,일반 멤버,2023-03-18
진정호,UC8TkxrHs3WNf5LzY6KzAuuw,스탠다드,2023-03-19
최다현,UCHWhU5hqtlbXuECrXSUSyzS,일반 멤버,2023-03-20
권채은2,UCQyMAEvIQq-4hnL8QOzvdZY,일반 멤버,2023-03-20
채세아,UC0vbORaYgHMt7EMYsOTotPQ,스탠다드,2023-03-20
문민서,UC-pzZypxBqjTKK37eDlk53C,VIP,2023-03-21
우다원,UCLOafUgSGYNC0aykRzgCwFz,프리미엄,2023-03-22
어나은,UCZhErwTLztNU0QuaD-0EdtC,일반 멤버,2023-03-22
제민찬2,UCIPUmk2V15B4mVm93le4QRP,일반 멤버,2023-03-22
황민서,UCpNa6IpOzPSt7S6PN0Bd-Eo,일반 멤버,2023-03-23
위정찬,UCf9KwImD0GCLm6FtOdK3Kb8,일반 멤버,2023-03-24
추수원,UC6i3kluc-VDZUDx3zZ0AjHS,일반 멤버,2023-03-25
배승현3,UCrkb54RC-iFxX6a9d5d9lWh,일반 멤버,2023-03-25
남시현,UC_yj00Dz8ha16SLn03Mk20M,스탠다드,2023-03-26
모유승,UC970U6SC9Ej5DjOihdlky2Q,프리미엄,2023-03-27
박윤서,UCxWqoSy7k1V_TlFF-8kgm9C,프리미엄,2023-03-28
여우진,UCnmcelZNq_lhks8v7ZNOCvH,스탠다드,2023-03-31
김승준,UCaPM85t_2cz0yVHQwluuLe1,일반 멤버,2023-03-31
남유환2,UC-VNzh4XzMT6VSDIJvzQbO5,스탠다드,2023-03-31
김도윤,UC548W2i5VfRT6J3ndOx8AKD,일반 멤버,2023-04-01
노현우,UCBkz78wPz0DY0A0jgSq_pYQ,일반 멤버,2023-04-01
조나은,UCxdYGiwBIZ70tfllFoG0f4x,일반 멤버,2023-04-03
곽수현,UCV8O49QJga47cSQwlVea3SV,일반 멤버,2023-04-05
엄현준,UCrlYaIMZ7ORdAcyfVA4iNma,프리미엄,2023-04-05
성지환,UCpk5mvvR6AcZ-zgEsOK-Kqv,일반 멤버,2023-04-07
배다희,UCVk-MjYypxJeaSlrY0oPVk7,스탠다드,2023-04-08
왕하준,UCW9hnrRh6dOcmvvrtbqhYDs,스탠다드,2023-04-09
방유현,UCK5MvG5jUO6b38LlUO1EVjQ,스탠다드,2023-04-10
왕지은,UCcewu_z5AyUpX8SVaKfn3lw,스탠다드,2023-04-10
임준기,UCVvrWHdQEswlBCCE7EBkNUM,프리미엄,2023-04-10
민예린,UCcYwl96ZkKEdC1SSBvaARI3,일반 멤버,2023-04-10
변예현,UCP2BZaGZLLegaN-WMNQJ_6T,일반 멤버,2023-04-11
신민찬,UCOj8XAT7g0lFbV4OlY39nYQ,일반 멤버,2023-04-12
성지유,UCNWfCNY1z3O_yu-WUGDUxcl,스탠다드,2023-04-12
전유준,UC_u9YRoI0QuVsEZq5tqk2dY,스탠다드,2023-04-12
추정찬,UCn4UJvqvQbTpe26gs6Uitn6,일반 멤버,2023-04-13
설유경,UCa8Jv5wHuiypBdvx62rggr7,스탠다드,2023-04-13
엄동규,UC0ZtBE-GItgY7NgKbAdt3ub,VIP,2023-04-14
명다은,UChmhzl50gFvGKxdSKBlxzpY,일반 멤버,2023-04-15
권다현,UC0xau0B9zsZcE3Fu-xj7EgD,스탠다드,2023-04-16
공은희,UC34U9B2IE6KAIrRaVKfYu1J,일반 멤버,2023-04-16
소유준,UCnc_yHincwnqK8mm8Z5cjvt,일반 멤버,2023-04-16
장채원,UCDVUrK7r6Rg5REGToYwKtrl,일반 멤버,2023-04-16
선윤서,UCqosHRNwWAa1mBcti7cffVZ,스탠다드,2023-04-17
표채원,UChHERWGLNbFR5-EtnW5BRPu,일반 멤버,2023-04-18
장준찬,UCBMmoJG-wyFNcRUeJFR56nE,스탠다드,2023-04-19
길수아2,UCwKpcRKq8CR9Q2NJgm3QCRp,일반 멤버,2023-04-19
진수원,UC8tW16l7l43fvJAWSUXjPy3,일반 멤버,2023-04-20
남승민3,UCGaxx9HsUm9_ZyIuiHqAgwz,일반 멤버,2023-04-22
기채희,UCxAZM1medBOyp21pbDOlBfG,일반 멤버,2023-04-26
한은원,UCSGm7lXMys5Y9PQ2F_JWZyH,일반 멤버,2023-04-26
구준서,UCnHoqmgEsamOOxFslxd-PDa,일반 멤버,2023-04-27
성준서,UCaVjXKi3nI-3wqi7JnwLn9f,스탠다드,2023-04-27
선준수,UCGK8Di8bLirn5ObU9BEP27V,일반 멤버,2023-04-27
선예현,UCcmKCo7jM4-Rjr4Gfos4EZT,일반 멤버,2023-04-27
선서희,UCulkaKpuJUOwwnfS8pgj0vW,일반 멤버,2023-04-27
인유진,UCf7pquDB_YSa0VBkSqCiyxM,프리미엄,2023-04-28
유태양,UC-fELI-9V2NhwMUn-yefUxq,스탠다드,2023-04-29
왕나은,UCF_U3cmvfkYXrdCUm5fWUzP,일반 멤버,2023-04-29
은지현,UCyv4vDMgdtHOT38LSB3LKjf,스탠다드,2023-05-01
이승준,UCZkj8THXI6NmC2dGkM5cwll,스탠다드,2023-05-01
임태규,UCxAD7dYZ031rzw8aEWHiU8n,스탠다드,2023-05-01
용건우,UCzO7LRygNmfbFnobREUXpvl,일반 멤버,2023-05-02
윤민찬2,UC_vPG6zfZ3z2K2PhY36xPzx,일반 멤버,2023-05-04
박유찬,UCRszY18YpjRgxARYb9wHole,일반 멤버,2023-05-05
오세은,UCjgFNhb3ZpxC0jFL6sNkz3y,일반 멤버,2023-05-06
명준규,UCbPR6lX79CVjEy5UXxtsIxG,스탠다드,2023-05-07
원민서,UCQ5vbkhXtXGfJpexL3ZcTC_,일반 멤버,2023-05-07
서민희,UCeatShFAKZ55a7ysfnt5Yl8,스탠다드,2023-05-09
연나희,UCaAnR84MqKHlWr8poqDsn7J,일반 멤버,2023-05-09
채재원,UCoFuwjBlm90Ynaug4TnCaiR,스탠다드,2023-05-11
함지현,UCBCvAhbh0J1pt6dswDAjiH_,일반 멤버,2023-05-12
길하원,UCIzQgpCT-zNMY_7tqYpIFTJ,일반 멤버,2023-05-12
심수지,UCqdReLelXeQQ5TwyD-C1O31,스탠다드,2023-05-13
진세원,UC7GiHRLDNtr6AzH1siok8AM,일반 멤버,2023-05-15
하서희,UCisQziYY3vBdCDR_3a7SOJj,일반 멤버,2023-05-15
안하원,UCBoSounzrLy11qL6bRJKX3D,일반 멤버,2023-05-17
윤유은,UC_igJa6TrrFNwIPbOnwDZYW,스탠다드,2023-05-17
채나희,UCxspz_r9kb1YgFiA4iTDljl,프리미엄,2023-05-17
길하은,UCSw5DuEP7xYN5SK2V1qhQR0,일반 멤버,2023-05-17
황유승,UC5UIIQFcHkvJK9IRV709ME-,일반 멤버,2023-05-18
김지호,UChfXXor54h4ccrClcQYWn9N,스탠다드,2023-05-18
남동호,UCUDkTdb94xSQd6uCiUJD87Q,일반 멤버,2023-05-20
마민규,UC9mRmDOdJskjQ9lUzVuG-QD,스탠다드,2023-05-20
구유승,UCNYR7RivSiRwLnKEfdiluPR,일반 멤버,2023-05-20
장민규,UChugtfJYdAmhU2KsJLG6vg-,스탠다드,2023-05-21
진지호,UCJtRsYip4uVtBPXd0N6zPBE,일반 멤버,2023-05-22
강나희,UC6sgCRLiVrrKSwoa50ZQgdi,스탠다드,2023-05-22
남승민2,UCPJUOqW3_1HnoNoJcqCD1VB,VIP,2023-05-24
지은서,UC0UivH5SQNl72TlalVgJAiI,스탠다드,2023-05-24
최서윤,UCPiay9m7HGMljhUMvA1Zco9,일반 멤버,2023-05-26
천태수,UCut_MARsfr62Ja2uq04mlXX,일반 멤버,2023-05-29
선성기,UCZH1LMNPcIBfsJJVi1LfUGL,일반 멤버,2023-05-29
장동우2,UCON0T0q_OF5I_QzhXMvLH4l,프리미엄,2023-06-01
천민찬,UCoA_g5u0rs8CP1HUx0woFQ5,일반 멤버,2023-06-01
노유희,UC0TzTd_xdD-w9NUwyBVS8Sv,일반 멤버,2023-06-03
여서원2,UCcosqzmTg6Y-HLIhmUJsW-q,일반 멤버,2023-06-06
제지현2,UCGjEQgSpCPOcVQmg4D7-nXA,스탠다드,2023-06-06
용승현,UCEleqTA_CkPIS4sXJZPIPP3,스탠다드,2023-06-07
강유현,UC6qu4AQsLsaoSviW-9fxovo,일반 멤버,2023-06-07
소예희,UCKjLho-7IdU_ykT46vm5BZ2,스탠다드,2023-06-08
천민은,UCEYKg3okh1_49FeaLcd4dai,일반 멤버,2023-06-08
류민호,UC47V5NHkENOTMEKu89H_nP4,일반 멤버,2023-06-09
표승민,UCiPE2RTwuA9J6GnQcOHuMxy,일반 멤버,2023-06-09
엄채은2,UCu8hdwmN_XOeQ9wVVS5ECQk,일반 멤버,2023-06-11
채민수,UCOIbglIAxxaLMpf1s0eMdzE,스탠다드,2023-06-12
윤민호,UCILtA4HVFfsom3kTarUkYnb,스탠다드,2023-06-13
어준우,UCs9KTNsjI012H_zoSsy203C,스탠다드,2023-06-13
허예린,UC0flxiJ3e2ovgNXIivfkg2X,프리미엄,2023-06-14
인동현,UCQsK2RKUY0SsxziqDAkX1gD,일반 멤버,2023-06-15
탁태수,UCTeF7-8rNuc7WAHT9vyZrzj,프리미엄,2023-06-15
반민지,UCirMkXXYc3wiALK6yid5lG9,일반 멤버,2023-06-16
구다현,UCycHZofbCp4_Ln9_mKClOsg,스탠다드,2023-06-17
마준호,UCfxuEtzUqt9Iy954eKEsXve,일반 멤버,2023-06-17
노유현,UCFr9o4__ZchJgNoAf7Fa4uu,VIP,2023-06-17
신우진,UCgTHNhZ_11bERa9aXf50G1v,일반 멤버,2023-06-19
문민은,UCDdlImiEfhRU8oo1GBySfJM,일반 멤버,2023-06-20
임민수,UCMDn2hW7NHbkQ-G3qCkh4h-,일반 멤버,2023-06-21
엄예지,UC1p_ja_7kKnJOHzbE_28VpT,일반 멤버,2023-06-22
우소율,UCMzUcxqtYleNscZ9GxD-USt,일반 멤버,2023-06-24
남유나,UCaJDWZLvfD-PP0-FksR2HFg,일반 멤버,2023-06-26
함서준,UCqHLBfcyENwG2f9em36H4iL,일반 멤버,2023-06-27
채정규2,UCq84__DBpcegOBu-U8PW9PJ,스탠다드,2023-06-27
마민지,UC2PeYDcwLHiAQt9laaup4A5,일반 멤버,2023-06-30
현태윤,UCFYA2IlYwWdvPkJkJ2EF11G,스탠다드,2023-07-01
채성규,UCFDB_B9j3qIVCh_P35auvkC,일반 멤버,2023-07-02
민채원,UCSwzWZr9ozLHAepBaqA_pEi,스탠다드,2023-07-02
홍채은2,UCLMZp-A-xV8ULLY75O2NqLQ,프리미엄,2023-07-05
어시현,UC8E6j_uRzJrXC9yG_AnNIL5,일반 멤버,2023-07-06
양지현,UCv6whO7dYix_PSCn3dbCK47,일반 멤버,2023-07-07
남유준,UCt1MWhaEKo2b-IS5ee1XOJ1,프리미엄,2023-07-07
제승우,UCI7ZfkAZ1TK6fCjejBN9uK2,일반 멤버,2023-07-08
여준혁,UCCiFuyROl3Vzk9AycHsq3CP,일반 멤버,2023-07-09
편수현,UCzjt_ydSCQAydEAVA12gylf,일반 멤버,2023-07-09
설나희,UC_f_7w5ZNqprGu7n_qOlzng,일반 멤버,2023-07-11
류나은,UC1qc2PqxU2ha1Djo6laoc-8,일반 멤버,2023-07-11
강승수,UCFP16APQ-IqKiPUsdF-dYkI,스탠다드,2023-07-12
편현우,UClE9uz27yiSQKfwiHXU2fpe,일반 멤버,2023-07-12
오수원,UCR0GZMIXowWzMMW57BZU8F9,일반 멤버,2023-07-13
이예은,UCdiV6Ipt0GW-Eys7W6Rksmi,일반 멤버,2023-07-13
선다인,UC3j8jwAM6MVRE_s2W35GXMf,스탠다드,2023-07-14
방유민,UCL_fuK_UHUKxYXBpJEvS5p7,일반 멤버,2023-07-14
변민찬,UCkcnZYhC6bsKrm-zxf162z_,프리미엄,2023-07-14
허세은,UC1NtMb-mhGz7rhM6pUSwpzf,일반 멤버,2023-07-15
반준혁,UCARBMUb_DJ8aoGpNCVTWxyV,일반 멤버,2023-07-15
곽나은,UCclRYYGya2GpeJAfEpfVvd0,일반 멤버,2023-07-16
고준호2,UC2D71b2w_BPgJ_C8kdc7Iex,VIP,2023-07-21
우승기,UCmfdO-qJ5f3GwipqjxxsRKG,스탠다드,2023-07-22
최태규,UCv2MMKnFlmP7tmaSvdQN2Fi,일반 멤버,2023-07-23
은동찬,UCAd1N3esuNhq-MXn1SwwDxU,일반 멤버,2023-07-24
여서준,UCDc8JzhUmdzP3CaVxBovhOp,스탠다드,2023-07-24
문채현,UCm1CFZ0DpahR3Ur951-WIbE,스탠다드,2023-07-27
마지민,UCmBqmJWv4t-Hq63KzSCKTEu,일반 멤버,2023-07-27
옥성민,UCES82WVpGP1klWHiTgMcau7,스탠다드,2023-07-28
어승수,UCGvS3UJFG-S5vVxnQGxL55b,스탠다드,2023-07-29
용나희,UCs2vDKvgk_DzOetSyTMI2I2,일반 멤버,2023-07-30
문태기,UC2Qf4SXkTqR7jBdmm9Zitgv,일반 멤버,2023-08-02
심민서,UCVKQTroU-0sW7ambRno0Eql,스탠다드,2023-08-03
황아린,UC5FOLTl-u9-z48GgjFK__v3,스탠다드,2023-08-04
구태양,UCszz-4BByPX7LomV7m_qZ3N,일반 멤버,2023-08-04
남세원2,UCWC_WFuwsQfuRISjlDPp0Az,일반 멤버,2023-08-04
용채원,UCLv2sV3b2ObHolDPVYEbKXN,일반 멤버,2023-08-04
조세은,UCCtPiozNpuNpbnXbCTdj42e,프리미엄,2023-08-04
여민기,UCIJurKGXAcra8LI6BbqhJny,스탠다드,2023-08-05
성승규,UCR3cbVcjx9lEBllZHbTxNbd,일반 멤버,2023-08-05
도재원,UCzRXaQ51INdInFEaiahq_92,스탠다드,2023-08-08
주지은,UCD2octzVtDkfv7j86k0GI3C,스탠다드,2023-08-10
양성규,UCe84x0MY5QQHpZkKwosn9uo,일반 멤버,2023-08-10
최유원,UC3YoHmmSihNf3GLkQAoykS4,일반 멤버,2023-08-11
마유찬,UCpbFVyjRbmNTVtuzxD6Y0Zo,스탠다드,2023-08-11
곽민성,UC32k1Bythqsfebs8JP5RKCK,일반 멤버,2023-08-12
서동기,UCevnz26dezyocmWBDSUtFA7,스탠다드,2023-08-13
서서희,UCoZozgjdS68rNw2WwaRgJIY,일반 멤버,2023-08-14
유현우,UC-VS1bhQmEghnotkVkmox6W,일반 멤버,2023-08-17
도하준,UCFU76DIUgb8v44w-xDSqBrv,일반 멤버,2023-08-17
소아린,UCwWCDNOkmJ5fabNQnzjrUMO,일반 멤버,2023-08-18
장유빈,UCMN8mWbOVwA40auiFuYq5WW,프리미엄,2023-08-18
모승민,UCH4yOS7YBzQYp_epJcOI1ca,프리미엄,2023-08-18
강지민,UCvQf1NXWd6WktGhyVGveIkd,프리미엄,2023-08-18
마성호,UCjitQNZsabjQHzX7JyqYPs6,일반 멤버,2023-08-18
류승수,UC-UjxzaNgaFKOEJMiI4hmWN,스탠다드,2023-08-19
금정우,UC7xmIoxRLkNOtxs51siSBCs,일반 멤버,2023-08-19
오시우,UCF9hhbiEMpNseXp08X0J8-6,프리미엄,2023-08-20
성가은,UCPcz8jwaBXPK5WMmtOw70e5,일반 멤버,2023-08-20
서세아3,UCuGS203fhkDjiU7or755EmJ,프리미엄,2023-08-21
설유현,UCtaU_biIY0F82fUKmKUgYG0,일반 멤버,2023-08-23
천동우,UCfWynwX6RVtUCJHQTPiQPB8,프리미엄,2023-08-24
남수현,UCeeE7hvPX7wnPyxZOs-AW2S,일반 멤버,2023-08-27
공태찬,UCt1AdSBr9BcGP4ym9xlQUsa,스탠다드,2023-08-29
허서은2,UCGMl3uVo_JmOM-28sPV3549,일반 멤버,2023-08-29
정은서,UCzS7vdU9VttMa8E4aAAMmgL,일반 멤버,2023-08-30
마태규,UCSSuw4kUotRm4gj52FX5wXS,일반 멤버,2023-08-30
배승현2,UCGWFm8Zd5UszlTzunj0E3Za,프리미엄,2023-08-31
천준서2,UCLFlGyiZTW7qJMC-di7CCIm,일반 멤버,2023-09-01
문준규,UC9pVqDITZYk4_U1OYtsUEEq,스탠다드,2023-09-03
구민서,UCokMVgnytl_IxmPFuAiLQTY,일반 멤버,2023-09-04
남채현,UCQS0FtuQHpqoj39vB33_01u,스탠다드,2023-09-04
곽유찬,UCs4Zkh_CPP5O1l1UcvKghqB,일반 멤버,2023-09-04
장나희,UCZDQEzWNGMn6ZxoGESkyu-G,일반 멤버,2023-09-06
길승규,UCEw4_kYf_KJQV0XiCu_bE5n,스탠다드,2023-09-06
마세아,UCXGUPTaojOIgjNFsp9ratph,스탠다드,2023-09-08
하예현,UC8ytSyDqA-NQb9ybQFJkmCg,스탠다드,2023-09-08
옥승기,UC_ytif0sLro4nso5wkaWzoo,일반 멤버,2023-09-09
강나원,UCc5mwyTFjDbRX6MLJCxzC5a,VIP,2023-09-10
성하은,UCJobWY8hwqt6jzMGldkb7Qg,스탠다드,2023-09-11
양민찬,UCLu3TQRzWM1eMHGdfTDyp_A,스탠다드,2023-09-13
허민희,UCTU4NUklMeQCbKUuijOOnyx,스탠다드,2023-09-15
허유현,UCoLG8ZEUxWESFZAj_vCl6Fw,스탠다드,2023-09-16
마시우,UCQB3UkK9puNi-0rgH_n9jLT,프리미엄,2023-09-16
왕예지,UCrF7zeyp7PPgQVibmRPSCSa,스탠다드,2023-09-17
성선우,UCue_tlAid2Z19U7CmIrXYqe,일반 멤버,2023-09-18
편나은,UCKAcvdDCujOw8fcZhWR1zdW,일반 멤버,2023-09-19
반태찬,UCi2OJExtjbjOKMQqCDfMpZk,VIP,2023-09-20
추정우,UCemEQUUAzlJ59ThIESqvrtw,일반 멤버,2023-09-21
마지현,UCDiqH6t8J3bA0fI8qWYvkC6,프리미엄,2023-09-21
심하현,UC5X8LexQpd_rdkr_qQ0Lbzr,프리미엄,2023-09-21
민세아,UC_hdwpNwMuExAdKnJKbO8E0,스탠다드,2023-09-22
공유경,UC-gvEDoGb7qy8YxUIARcIju,일반 멤버,2023-09-22
연동현,UCTQZjfcDgEuEcAOXACvoBn5,일반 멤버,2023-09-22
석나희,UC5gxd225SyL2UP8ZbZrlzVS,일반 멤버,2023-09-23
진다현,UC_CiezcrzWDe3rTtIH3BxlZ,일반 멤버,2023-09-25
도예희,UCFIXWiAfmYKyX8ESsvZWPUf,스탠다드,2023-09-25
엄지환,UCBPaZxcjfNrd2mBqgfMRW-W,스탠다드,2023-09-26
민수빈,UCuMgECxZ8S18h0CFbjNhU6Q,일반 멤버,2023-09-27
유민지,UCVzQ_yHDWxbiG3sO0tZeX7e,일반 멤버,2023-09-28
석성기,UCNDW62KpMtifevH2DbvIS2p,일반 멤버,2023-09-29
도지성,UCPgsGN99wG6dFztGKd2EHn9,스탠다드,2023-09-30
손민은,UCcDYZEt9lb7Gy9yU7er3nzL,일반 멤버,2023-10-01
장태규,UCtHBCxc-q8SqP769GvWtaCl,스탠다드,2023-10-02
전준서,UC_vOOyaDxypY2K5Y3sQVMwF,프리미엄,2023-10-02
조예희,UCwWtQ8hj4QL8ElidY0CIPdQ,스탠다드,2023-10-02
원준찬,UC0-R_sEIBAQmqvSZEKliIhS,스탠다드,2023-10-03
인태호,UCDuoIoLeb9p4pJhs-O23j0K,일반 멤버,2023-10-05
길준혁,UC6Cj7SUj-koHg2vnlNYjEhd,일반 멤버,2023-10-06
공시우,UCYDHBPd7380Ap5tVlLKbRhW,일반 멤버,2023-10-07
천나원,UCaemJ_lTuR6XdAiXUSZsFri,스탠다드,2023-10-08
반예지,UCJUAIqg5JQvwHxDCKsXI8ni,스탠다드,2023-10-08
인민원,UC4avGTKygb7HT1G6nlqZNqB,일반 멤버,2023-10-09
전민준,UCsz7hfqSx0brCI-gNEoo4Iq,일반 멤버,2023-10-10
구민재2,UCukUSc4jn8n2XGnue2vFQX4,VIP,2023-10-10
변서은,UCmOCMLEVzUo5gTb3eXHM3H3,스탠다드,2023-10-13
옥다은,UCA8eMnbw1phoI4QiUzq2OPk,일반 멤버,2023-10-14
최동규,UCLmQulpSSOm5GeIpyD2rBC_,스탠다드,2023-10-15
오민성,UCBmEO2geJjLSLFcIeUpyXQn,일반 멤버,2023-10-16
노민호,UCH5X9P0kby2N1DadKJGjCmQ,일반 멤버,2023-10-16
진건우,UC8NsMb5FJ6APQp92f1dl8L9,스탠다드,2023-10-17
장다은2,UCo7oh1URshY7aJ1f1X4wGjq,일반 멤버,2023-10-19
명윤서,UCpmxHLzqVCgRUDIr9kG-GWT,스탠다드,2023-10-19
곽승찬,UCinqDxlGzs5TRIYICeRbXJt,프리미엄,2023-10-20
마지원,UCmRsB9pSWakMz763ZQo8EAK,일반 멤버,2023-10-20
공준규,UCwZRCtw4vNSKj6Ik9xzAwuL,일반 멤버,2023-10-22
어성규,UCQLgKDFX2IrFD4wIFmLscR-,일반 멤버,2023-10-23
류은서,UCuqS32mLsEyvgfYG5_SJGEB,스탠다드,2023-10-23
진동호,UCJcd2m29CqNaMH3triN9MJ-,프리미엄,2023-10-23
홍준수,UCNANB0CNE_XYBeiwbKfzWgB,일반 멤버,2023-10-24
지태기,UCelabkU-iNEf4TTY4IECikY,일반 멤버,2023-10-24
성성찬,UC7OmuPgLl9QP1mSwhz8kwxu,스탠다드,2023-10-24
신서연,UClCG98K-dz81O_pUc9SHowa,일반 멤버,2023-10-24
육서윤,UCkVKHfYeJPqAP62NDy344rt,프리미엄,2023-10-25
엄유승,UCmzMpaRqL_HmWGvesI9GG3L,프리미엄,2023-10-25
소서은,UCh-mUONNX5BksMwzXNMGVDY,스탠다드,2023-10-27
장승현,UCI4FnJZA210GZaibdpedt04,일반 멤버,2023-10-27
송하은,UC-cH-SZl_8ngvo3rbPvXDs6,스탠다드,2023-10-28
노준서,UCqhSrTWiZLhyPNk-H7dao-n,일반 멤버,2023-10-29
진지은,UCIjHYDzyeBbC-7nU1L1Qra_,VIP,2023-10-29
허지원2,UCKF-wU2ml1AAjM6QykCmRPo,일반 멤버,2023-10-29
양소희,UCiLohcCOv159dEiennqu_PU,스탠다드,2023-10-30
표지아,UCwtYsXL1rdnT9RTwJ8jLobm,스탠다드,2023-10-31
양동현2,UCuRRUJtKbIzHk3DkBOAbgf2,일반 멤버,2023-10-31
노수지,UCNLQzmrbpxzSjcSLcRHoW81,일반 멤버,2023-11-02
성지민,UCIfpWbDb95cXLxP_eQylOjx,프리미엄,2023-11-03
권수아,UCg-P6R8Bj2p4vhnR-Dx29se,일반 멤버,2023-11-03
천예원,UC860o80jIdxSqPjuBgViurW,프리미엄,2023-11-04
선현준,UCL6KhFls_0Z1rflMW-GAMIM,스탠다드,2023-11-04
변아린,UCYw2ezv9vCvjCxslqITO4jX,일반 멤버,2023-11-04
여서원,UC5KMAxpBDSIMmJ0i0NIiyDQ,일반 멤버,2023-11-05
표세은,UCeyjY7XXeScQ9qBtWUIs4XB,VIP,2023-11-05
강승현,UC7c4LIkXrAUJ63VZ2Ht_Kd_,일반 멤버,2023-11-05
원예원,UCSYbk4oRSxSQJjIDOHIXKDQ,일반 멤버,2023-11-05
최유준,UCA_z3K3y8UVYtwNhk7cMvBP,VIP,2023-11-05
정준호,UCwTwyxUfosi5nHR8PgLawWu,스탠다드,2023-11-06
양예린,UC2fPZ-AB5EtUafI515kh5iz,일반 멤버,2023-11-06
임정규,UCtYJlSn4CjDSVG0GIFZiIAe,스탠다드,2023-11-07
함민준,UCOtw59pUcA4UVS8whODa17O,일반 멤버,2023-11-07
국성규,UC8LdQESfwbwIoVFd-y6fbj8,스탠다드,2023-11-08
편정수,UC0GGS-EJPtkA44uH7Avx8sU,스탠다드,2023-11-08
진소진,UCDK5dnJYbmAuLBqupAazFzG,일반 멤버,2023-11-08
편채희,UCwitULrF2_o4hkwpMuQIAY3,스탠다드,2023-11-10
은지원,UC_5q8_nQrADPfCo_Mdhyvfm,일반 멤버,2023-11-10
염유성,UCiv0IG_w9rj7nnWM9Wm_-BR,프리미엄,2023-11-12
공세원,UC8J-D8PCPNhao12UeYxNevb,일반 멤버,2023-11-13
염유민,UCSHVN-61kLaNTipkfOkGJuy,스탠다드,2023-11-13
홍지원,UC3UOnnKEA-_8WOXfucCMDZP,일반 멤버,2023-11-13
황서준,UCuQn_BI9r7PLiWpoDzhatoi,일반 멤버,2023-11-15
황서희,UCU1SBMIIgJAvwgBqfe3NHpO,일반 멤버,2023-11-17
홍채은,UCh7r-JbMlXMKchLKcsT6bWY,스탠다드,2023-11-19
구하원,UCrwoAZmsYP7GsaB8NZM39z3,일반 멤버,2023-11-19
모유원,UCHUjNo6cgWlZ92Lw60i1io6,스탠다드,2023-11-19
황유준,UC1khTiBgltRjjWLxblW0LKo,프리미엄,2023-11-21
손은서,UC3MSKqe0GhcZVscYTxKbIsT,스탠다드,2023-11-21
허지원,UCEIIS02e1LsZ4UJM53LikiR,일반 멤버,2023-11-22
임채희,UCZJQ9DWmff7xTNLEHCbS-Gt,프리미엄,2023-11-22
강태윤,UCk6TDM6DEaQlzLbPA2qtEh9,스탠다드,2023-11-22
하은서,UCJwcbZV8OgH4oQzDkFtXIJi,프리미엄,2023-11-23
강유성,UCwvXat8Qt08lxsfDUzqji8r,일반 멤버,2023-11-23
고준호,UCviqQrV-YXD2VrHhvcXPR-8,일반 멤버,2023-11-24
왕우진,UCsdH1bwo1629vsz2dUP5aWT,스탠다드,2023-11-24
구현준,UCmQdKsDgIfIkALX2LEDa7tT,일반 멤버,2023-11-24
은서준,UCPSJ7gkC8zDdFy9ZHJ0ywh_,일반 멤버,2023-11-27
맹나현,UCj_rlTtxz9XktNVQe4JBcon,일반 멤버,2023-11-27
용다원,UCGEMsvPX-J1ljgQB7swivY8,일반 멤버,2023-11-27
양민수,UCV1zroEo9Khpvsb5dGSC2wH,스탠다드,2023-12-01
신재윤,UCw1aUP1Ly5xeQn_L1m2epur,일반 멤버,2023-12-01
길지유,UCr8f7AZpamv-gwBv_hzLLQ8,프리미엄,2023-12-02
곽승민,UCYnxaNK-UuMopXniT9v1V-c,일반 멤버,2023-12-02
송가은,UC5pr8ZvzA7-ZB70lZhN7hjm,일반 멤버,2023-12-02
한성민,UC719MuDmGnXUAo4oiGv1k7x,스탠다드,2023-12-03
변태기,UCNjUwIdZaZgmVy6x3GMivJ0,일반 멤버,2023-12-03
서지성,UCioQ8jWrc91571a_xzcTHCX,스탠다드,2023-12-03
심지원,UC0MN4hOVPwhU5f-pHaT6hez,일반 멤버,2023-12-04
용선우,UCsxaeGUZ-dt-06c0yN6POnh,스탠다드,2023-12-04
채수현,UC92hiRyfbCKpAoZqxsXnj0r,스탠다드,2023-12-05
진수지,UCBKnCTU4dj-vVasAF7l-q9W,스탠다드,2023-12-05
하준서,UC9pKixgUrgMdudgleRVCQ7B,프리미엄,2023-12-07
남나원,UCMLiActeb0nYSt2YuepcPT-,일반 멤버,2023-12-07
하지현,UCa9xs9qlOwsPw50v3RVKh25,VIP,2023-12-09
신지현,UC-id6YVoL5ZKFZ1q2llrT37,일반 멤버,2023-12-09
위채현,UCH_Z_ow3dsjNa9xfguTVfPh,일반 멤버,2023-12-09
반수빈,UCNLvPI3KT7lDShYnW0he9Sl,일반 멤버,2023-12-10
여시우,UCdaeSVfas3wMs8THF7ZEuQP,스탠다드,2023-12-10
인도윤,UCYTB7t5tTRHygopSP2LdleH,스탠다드,2023-12-12
김태호,UCw_kLHULp1aureLv-XF_UCB,일반 멤버,2023-12-12
옥현준,UCf5Q0-RlbV2yOuilaEO9R_8,일반 멤버,2023-12-15
길성수,UCb9TXb9D5IRevis_agcH_3d,일반 멤버,2023-12-15
심채현2,UCG0SrmuwbygSZznMgP9I4_E,일반 멤버,2023-12-15
제동현,UCtqV4zgvr4m3ovSvyFrGO0w,일반 멤버,2023-12-15
현지은,UC0XTrf5ZxHj7YBVoGMU_yFa,스탠다드,2023-12-18
명유희,UCpOR11wIkZIGGSEQi4qkTYY,일반 멤버,2023-12-18
심예지,UCptBpDiAgRR40McrdFgEkQT,프리미엄,2023-12-18
길태윤,UCp-HnCy3PcAohj81oOKbN5B,스탠다드,2023-12-18
위승호,UCsydIwmUpCIwPhdbDfRIPfs,프리미엄,2023-12-18
표유은,UCKFOWLwXSnjGnJ7RUiRRSBH,스탠다드,2023-12-19
현건우,UCXtvvtrMvZvR918Q4hiYRQm,스탠다드,2023-12-19
황선우,UCFSXECrdspZERIf86x0dKsX,일반 멤버,2023-12-20
추나은,UCUBczUQS3qpKHMdaOv5hLmw,일반 멤버,2023-12-22
변수은,UCyI2Cn8UOsjDqN9cPc1PlCQ,프리미엄,2023-12-24
반채은,UCe2Vh1Y_nG7SuyDIWGAai5h,스탠다드,2023-12-25
길하준,UCaxggzYvhQG1PQGfE_kfb7W,스탠다드,2023-12-27
안지훈,UCL4aUS72t_PnTLwOc0zetfq,일반 멤버,2023-12-28
남민준,UC7zdJARKO8xJ0czmzWiKGOY,스탠다드,2023-12-31
김예원,UC1jSKFl-VffkLKlwvGViYQL,스탠다드,2024-01-04
인성수,UCszQTmSmFk9CziByqLev7bM,일반 멤버,2024-01-05
염예원,UCZiMrn3slyepwYwuwO53Fgn,일반 멤버,2024-01-05
차소진,UC5tza4D_5nsYfM8FyGDHSSX,일반 멤버,2024-01-05
변유빈,UC6GxxYDimgOPfdp881OGBOk,일반 멤버,2024-01-06
문성기2,UCLYY2DNWY8ASNIjbT6NYHCb,일반 멤버,2024-01-06
국채희,UCVjceXFKSIrVO0pUESuvxy_,일반 멤버,2024-01-06
손승기,UCVq4QHhmGRVvxq8qwjnNUi2,일반 멤버,2024-01-07
용유희,UCTSgVBuXT-J6ipICE4P2P08,일반 멤버,2024-01-08
주유환,UC-_PLofQjEjFjQwZlqZ8KqA,VIP,2024-01-12
노수빈,UCzgMaY3YkLYS6FOr0H6JHCq,일반 멤버,2024-01-14
한주원,UCeSPAJ7fnXsFI4abm5tDQ1-,프리미엄,2024-01-15
민준호,UCeuUJNfQrvaAQGiMQa54MUI,프리미엄,2024-01-15
변나은3,UChsG16RBXhnFaL23l43Kwvm,프리미엄,2024-01-16
하준기,UCdkVm9zTm1XllKHYWLpqiGE,일반 멤버,2024-01-17
성지우,UC7haY8pA2vbczKwG1m03wsV,일반 멤버,2024-01-17
양태찬,UCbGzxPvV2X99vYwdFQj0j_Z,스탠다드,2024-01-18
신지희,UC6SPZFA_KgTA04uSU69cNoi,일반 멤버,2024-01-20
도재호,UCZxwi8kJ4w-v-NnDD2qXPIF,일반 멤버,2024-01-20
정하영,UCRnD5LLoIHkfSeze1Q_QX8i,일반 멤버,2024-01-21
강은은,UC8QARQVrw1703L1Fn-sMKz7,일반 멤버,2024-01-22
위유민,UCglhks9IPeexmyT43_mvE6m,일반 멤버,2024-01-23
국우진,UC_vbS9CiiL9K17OvHYqTqLs,스탠다드,2024-01-24
지민수,UCB6KmYbLW7Xm5Mfq2MdwQPz,일반 멤버,2024-01-26
마유경,UCrxf3Wtg6ZYln5OhLkkunwB,일반 멤버,2024-01-26
류민호2,UCAnUl6EIiHve4brZelgE_eE,일반 멤버,2024-01-26
임예나,UC29-PyhOp_R9y-G_r86aLUK,스탠다드,2024-01-27
하지민,UCqlw8I-0Lu9T8mJP5U8iyYK,스탠다드,2024-01-27
도지희,UC_4cbft-4fcst7L_gX5qlKa,스탠다드,2024-01-28
전나원,UCXu9k0AGmZtvjrUKN8Yhh3r,프리미엄,2024-01-29
염민준,UCNMkf_TCCalk-iG3L_emzdy,스탠다드,2024-01-29
서성수,UCekOmJRuNsfxle7lPLktsT8,일반 멤버,2024-01-29
연정수,UCYMEXph4lZIfrLEyJElm3R8,일반 멤버,2024-01-30
김승기,UC2ugDEBAJj1xm6cKu22hlbC,일반 멤버,2024-01-31
고민은,UCPo4SlxjX7NjYlM5H06-65R,스탠다드,2024-01-31
방지환,UCB3u056wmqptmAcoW_qGClI,일반 멤버,2024-01-31
이승현,UCR_6X7ivbdo0gCz-6p-XVfb,일반 멤버,2024-01-31
석유나,UCQC4e-MzxmjhfW4a5SyYsRe,일반 멤버,2024-02-02
진채원,UC36aG1UB5dHYIkjNM3VxtzG,프리미엄,2024-02-02
정승찬,UC8T5A1ODxkXLprOmp1inW4q,일반 멤버,2024-02-03
남민서,UCMA787HC-B0IrxGm20LG-Lm,일반 멤버,2024-02-07
함성찬,UChZ6YhNe-R-3Vbf9-rGgDJu,스탠다드,2024-02-07
위건우,UC71np5QmHiJMAWNY8Q1X_9t,일반 멤버,2024-02-07
곽성민,UC3t5czGk1SQVEZJM9fOlu2M,일반 멤버,2024-02-08
채지훈,UC0olMbk6h4qLEiRWarmrrQE,프리미엄,2024-02-09
소승기,UCgCJ5XVWkWwvFothV28iwJX,프리미엄,2024-02-09
허동규,UC4cWMLldjgLUCJAsyLSxaPy,일반 멤버,2024-02-09
노성민,UC0jGdbuSC1gj5jcM-RC6HMW,프리미엄,2024-02-10
손주원,UC5YJc8JyIlx8q7CkiimZ_MA,프리미엄,2024-02-10
유하현,UCHfw_jJ-lrrevstJN_E1L2X,스탠다드,2024-02-10
표정규,UCCNP6jspNWVXdX1O1_E7ZPt,일반 멤버,2024-02-11
곽다원,UC66HlMCYM20szlSo1cyH9TM,일반 멤버,2024-02-12
현채원2,UCj_egGvCSEuIZf0N6C_1Od6,일반 멤버,2024-02-13
인성규,UC_m6kOmejtVVWpLmJAPk0mB,일반 멤버,2024-02-13
어수지,UClVMEsaw0FCSqsym_Ys6STp,일반 멤버,2024-02-14
노예원,UC25yIv0J9NzHJ4aw4g5jzWz,스탠다드,2024-02-17
추소희,UCznQKEybPnYYpU_xXbHepud,일반 멤버,2024-02-18
함채희,UCORfynAtrR8AYYVkfyGGXKu,스탠다드,2024-02-18
맹재원,UCY6XC2Bk4SvrW44-Wr_BsJf,일반 멤버,2024-02-19
구채현,UCHc8D4-E6UoXy4ex-veYJYr,일반 멤버,2024-02-19
설지희,UCf-uskliZuozCMtCiVkO6ji,스탠다드,2024-02-21
양준찬,UC2n-Rl1zByi41J2xLSp3lIP,일반 멤버,2024-02-22
유나은,UC293l0DGADqk-sFOZRT8dGQ,일반 멤버,2024-02-23
장나은,UCz_yftAAjXD1yCnjnfu4nWl,일반 멤버,2024-02-23
허지현,UCWCBmMilzZ9VixkdBoTYjog,일반 멤버,2024-02-27
방서준,UCwLPo4hOHzSC3L2QqZEJEVG,일반 멤버,2024-02-27
허서은,UCOhhAjPi3VJtGD7pvWn_ipW,일반 멤버,2024-02-28
배승민,UCt9yznQRfBUwYwsM6Fw6Cri,일반 멤버,2024-02-28
위태양,UC6_Umr908tdUJ6Td02k3C9N,일반 멤버,2024-02-29
여동찬,UC6UZmsNVAZMA8agV_WmUC2V,프리미엄,2024-02-29
양현우,UCALFari_Hf9tcTssZy4bfmx,일반 멤버,2024-03-02
금나현,UCXGxO8xmPDmWLPoPqpKK_QK,일반 멤버,2024-03-03
이성규,UCAXCGfz1GpgnDsyEzbHs8hX,일반 멤버,2024-03-03
남다희,UCFpvYUep5jw84AYNX1FyHp-,일반 멤버,2024-03-03
변정기,UCJgDELSyrAV6HEJh71SC94N,프리미엄,2024-03-05
명재호,UCy6F2oUC6aCBV3TvFE4D4qf,일반 멤버,2024-03-05
소예은,UCUsJrdydoIrt9hV9OI6Slca,프리미엄,2024-03-05
최유나,UCwu_zNecy3iZ5Q30iQaBGMd,일반 멤버,2024-03-06
강채원,UC9pwHFKDDimN69wOuyIyIBX,일반 멤버,2024-03-07
국지훈,UCjYaRrowuIre_ANGplEeUva,일반 멤버,2024-03-07
정유나,UCxrJpoKcnRvPRH7GyhPqZ3F,일반 멤버,2024-03-08
모준찬,UC9j3HXL6zl1TVq3rWwrneH_,프리미엄,2024-03-09
추민희,UCYzP33gk-iLlqJhZOTb32ap,일반 멤버,2024-03-10
연하현,UCpcfnPrhwnaVocRDFZFUyYw,일반 멤버,2024-03-12
송시현,UCLkEGsJXiHvm65tFQboTSL6,일반 멤버,2024-03-14
맹유환,UCEEgQaULSE09SrTd8MJlzj1,일반 멤버,2024-03-16
제성규,UC_mcs_uKJo4lkRnLEUR9ZmS,일반 멤버,2024-03-16
추나은2,UCh9fXAfsJ1tllz9Zxg1b_kX,프리미엄,2024-03-16
옥성호,UCVN7Gsu_DH3Oz2DHcgY58xu,프리미엄,2024-03-17
기민성,UCQHwU6LyCFnJO5psy-TjUTx,스탠다드,2024-03-17
제예희,UC0EZtosKOm-pd6wFGUXMJKA,일반 멤버,2024-03-18
추지우,UCEgLvtQg2NpCB6k-5uHn4EO,일반 멤버,2024-03-19
장성민,UCQzQrffltKo48CeQvmZ8dFO,일반 멤버,2024-03-19
표준수,UCzGzWsriN7wEwlbKeGpyPHi,일반 멤버,2024-03-21
류유은,UCd7SSkTUt7vcX9qI_IUfmOu,스탠다드,2024-03-24
방민서,UCG7okBk3wrDK9M5l3-ues1W,프리미엄,2024-03-25
용민지,UC4bB-QDC1eaP4tRNpr4BrU2,스탠다드,2024-03-25
양승호,UCBM-VijzJwWk-PoWtpHpjem,일반 멤버,2024-03-25
은정기,UCzKaUilA5P_ELWjhQmvgl4R,스탠다드,2024-03-26
구민재3,UCNypsTEAIQMGlu7kL17EOko,스탠다드,2024-03-26
신도윤,UCFk6FZTFrFsOuB5rzOurnc4,일반 멤버,2024-03-27
도시현,UCQDM1z5isOI-gvb3zjdyKTJ,VIP,2024-03-27
금태양2,UCECbf_jTDyzDsiyCEWsYfEG,일반 멤버,2024-03-27
민우진,UC2A2gHGka5Isybszxe-r6eM,일반 멤버,2024-03-28
어수은,UCGiZWkDSyLUE4DjUeb0SFvW,일반 멤버,2024-03-30
민민찬,UCVWAn9-Li3mS3rh2UjmlLN3,일반 멤버,2024-03-31
선동호,UCHcQy11tv4ptxnvADEgOVCT,일반 멤버,2024-04-01
변채은2,UC-xUG-q8Tkqih5j1T-aFv5h,일반 멤버,2024-04-01
안소진,UCRiIA9YjZw8T50VgsBbADRs,프리미엄,2024-04-02
양다원,UCHV8noWnMCtMqcl-gr7g6fP,일반 멤버,2024-04-02
박성민,UCkneXtY51Vya-rD18poK19-,일반 멤버,2024-04-02
위서희,UCZkrCPp1DWZ4sUtbUCtfSC_,프리미엄,2024-04-03
길준우,UCwqjPE6Ir-AogjM78Zv1GqX,일반 멤버,2024-04-07
신소율,UCgggpVKFbj4e5GNLQ8bXrA1,일반 멤버,2024-04-08
천은현,UCmK6sA8A5kyKFTCMO5u6DvF,일반 멤버,2024-04-10
추동규,UCZJzBYxrARGYA1BGTpIC0Nn,스탠다드,2024-04-10
임예나2,UCGvc-BOM3_UkimbUiU5y2tm,일반 멤버,2024-04-11
명은은,UCaCPWJyFkrB-tLeSXxCi84J,일반 멤버,2024-04-12
현윤서,UCfpL9tCn6eeNcnxFVQ6NVM7,일반 멤버,2024-04-15
추수아,UCzUa3W7OsSUSOegSCxj45Nq,일반 멤버,2024-04-16
염태수,UCaHWRpxVLYhZD2f7GsHhmoP,일반 멤버,2024-04-16
최은원,UC2VYRMCnx3Zo2mrZVBt_wUz,일반 멤버,2024-04-18
권예은,UCifmY60nLydEMlGyJtRZh0Y,일반 멤버,2024-04-19
여지성,UCdp1p093rRWwg48UIfgvdCn,스탠다드,2024-04-20
길수아,UCKWzlz9oAsZ_ytlTR2e1VRB,스탠다드,2024-04-20
설준규,UCb2goMOLZGNIKlbRGW-yFAt,스탠다드,2024-04-21
맹태윤,UCGEiRfZ1V5hOpvKJABOW1By,프리미엄,2024-04-21
반유원,UCTenaILTHUz_gLU_Xmv5MMH,스탠다드,2024-04-21
조은현,UC1UphH7Xk-dmm4A7ha0FxWZ,일반 멤버,2024-04-21
여재호,UCG4cBSk8mHaLumbGbRa1S3C,일반 멤버,2024-04-22
홍예린,UCLW8xFIFb59KszZa-g9PcYy,일반 멤버,2024-04-22
장다은,UCJ9O1606lT4lYk56FiM77sj,일반 멤버,2024-04-24
배승현,UCubQN8QsFfLHiKrgcQ9qhYp,일반 멤버,2024-04-25
임성민,UC8GuXQac5Hm7sVpz-xT6OF8,일반 멤버,2024-04-25
구세은2,UCR7SUhiRaHcNnhH8CslRuMo,스탠다드,2024-04-25
변세희,UCJqPRqT1DdZPwL-C4N4FcmL,일반 멤버,2024-04-25
반승현3,UC5sCPWzmCDZuq2-vSgzawkr,스탠다드,2024-04-25
서채원,UCrmSpwKUODwWrISky8iFKTQ,VIP,2024-04-28
양나은,UCmHWFmfD1e1HWT_Nmkv_xV9,일반 멤버,2024-04-28
현예은,UCuyFxrGpe6lazO-vzJb-5i2,일반 멤버,2024-04-28
옥준우,UCgP5UIedXBF8R0P6AI4L-Xa,스탠다드,2024-04-29
권유원,UCDW9ARX2J9OcqEu-Zbm5KuA,스탠다드,2024-04-29
구민기,UCSNlFw8EEgF3iZYa7bBRAtN,프리미엄,2024-04-30
구승현,UCntLuuEXSVWlBF-lWPhvZPQ,프리미엄,2024-05-03
마채현,UCdfZn7nwQCOt9owOJpiEZbY,프리미엄,2024-05-04
반유민,UCAvpRc_DVOUccoXLxzzC96S,일반 멤버,2024-05-05
방동호,UC9rk443o1EBxbzm71N-rCYS,일반 멤버,2024-05-06
양지우2,UCit5VrQZcXHLXeJYvasHHok,일반 멤버,2024-05-06
송동우,UCpAiVZgWoqLQzymuTMfmVrB,일반 멤버,2024-05-07
여태규,UCqZusttkB4S4sktguMs9jxB,일반 멤버,2024-05-08
여태기,UC-6V4X_R0h24r6YdXxy3_0M,프리미엄,2024-05-08
홍정우,UClwbfb1QLEDHmE8-07O2qVp,일반 멤버,2024-05-08
남다은,UCO8N5kJIJernC16fbVhcw1I,일반 멤버,2024-05-08
곽민성2,UC7WG3DaEg_0gMR2EWKsmcfk,스탠다드,2024-05-08
지아린,UC-K0FK6w1yDd2eoMOy17yAF,일반 멤버,2024-05-09
진승찬,UCIHfH2YPfT1Wy20bJvnNO6v,일반 멤버,2024-05-09
채나원,UCyo6TMVxzeklS6U-VfpSn2i,스탠다드,2024-05-10
명민찬,UCxebnwfKpImsn8fDZQDm-3r,일반 멤버,2024-05-10
석다현,UCjpk4-BW1G5DjTTup6m9dJz,일반 멤버,2024-05-11
추세희,UCmOvfJuP5AphZo1p9-gGOar,스탠다드,2024-05-12
심윤서,UCXfyHfDllrq4y8xK94IkaxG,VIP,2024-05-13
양재호,UCyTOqc2F-vzc7kV_JmGKsa0,스탠다드,2024-05-15
장민찬,UC8_yJuasiKeA8EuF-82sKQU,스탠다드,2024-05-15
여성기,UCPboZrOc5sj1OQzO9Tk8dZ3,스탠다드,2024-05-15
송승기,UCMhTE0LFB7oKn3lhS61OiS0,스탠다드,2024-05-15
안준수2,UCJ64dvSIX5BXQGV3-Ib9kSW,일반 멤버,2024-05-16
민승우,UCS-RAenxGl4MYeq88YYJ6cC,일반 멤버,2024-05-17
우성수,UCH-DlmgxfYa9aEnK08_eYoF,프리미엄,2024-05-17
우유진,UCiheECEWG9umxa8EIoUTmF_,VIP,2024-05-17
오다인,UCVcVeR6hetG2pGX_AbWdFps,일반 멤버,2024-05-17
여유민,UC0nw-DJCW-BnC69IGGHj4oR,스탠다드,2024-05-18
홍유원,UCii_NDD0Rn4X8q-Tixd7VLF,일반 멤버,2024-05-18
어승찬,UCqhjXSZ2XNne3c12M8vH5kz,프리미엄,2024-05-19
공민준,UC47ZP-lSSlSBvtwF6LbnGHg,일반 멤버,2024-05-19
장지현,UCae8XN_euLqIXCBA3Xd54G5,스탠다드,2024-05-19
인채희2,UCrHlQZCQFxpiJDU7nWUmcUF,스탠다드,2024-05-20
송민재,UC-tEWso5lXzZLf-_IZP5veB,일반 멤버,2024-05-20
강정기,UCbAUrGwIeu6B1T-1M-8NTK3,일반 멤버,2024-05-21
남민찬,UCrisDQ_R-BXfpBT-IEOgMY8,스탠다드,2024-05-21
길유희,UCC3WhwvY4GOemiAkFI0ImgM,일반 멤버,2024-05-22
석유찬,UCT3F1ZUQTlanj39T6Ny6bTm,일반 멤버,2024-05-22
윤예은,UCnB3XXCwwGgo0jZuw4t6rwJ,일반 멤버,2024-05-24
윤준호,UCqzxYlKgbrjYEkBDlXY5jlh,스탠다드,2024-05-24
반하은,UCzfTjkwT3VbbZTXht3u-FhF,스탠다드,2024-05-25
표세은2,UCOAt6kDXc1QMVG-xoLqNR4_,일반 멤버,2024-05-25
배소희,UC-VrSnMGAVDcrRD__-pE8ZT,일반 멤버,2024-05-26
남준서,UCarO4hA2KuGqtkusaxxlNOH,스탠다드,2024-05-28
유예준,UCwi_YnvIMGX-Qpy-lRJ6hn8,프리미엄,2024-05-28
손하은,UC011hR8oKcV-LPYSPi5eY-g,일반 멤버,2024-05-29
박승호,UC8s1XS4hC4oV_1RswCx6kRU,일반 멤버,2024-05-29
황예린,UCTfpFuKGqYxRIUkpc784aXu,프리미엄,2024-05-30
탁동우,UCsT5lIebEF2cnBRCEFRrL6_,일반 멤버,2024-05-31
윤승현,UCJOnMlQR6BYNWUBFEAWFiCu,일반 멤버,2024-05-31
차유은,UC0Qn6i5QFgRN6hleHolObZy,일반 멤버,2024-06-02
천준서,UC36LyAtbW1RR-k0zUMXnq9H,스탠다드,2024-06-02
손지현,UCu8lK1lB2-eGJb4uLbpGYut,일반 멤버,2024-06-03
하유빈,UCsFMTnpyf0glzzpPAPkmo8b,프리미엄,2024-06-04
엄채은,UCSakUj7Hyc1b-MQYU54-WkZ,프리미엄,2024-06-05
남유빈,UCh2hivcJJK-TSzgrHE73Vls,일반 멤버,2024-06-05
기태규,UCvUhvQ9lKVGpycqqhFzS2mm,일반 멤버,2024-06-06
용준기,UCmDkcAPm8lmpy4ThsEDqt4w,일반 멤버,2024-06-06
마유현,UCLe6Eo43gKRhzZDdIOnb7LW,스탠다드,2024-06-07
권하영,UCP-EgYJJ336dAtTdTlIzZT0,일반 멤버,2024-06-09
서예은,UCLn6JTlt8zkLCTAQvD38Kvf,일반 멤버,2024-06-10
표은희,UC85S3xVVdVMPDaoduEOUmE8,일반 멤버,2024-06-13
탁수은,UCbQDLYVwgYOSImaO6_1xLRl,일반 멤버,2024-06-14
문민호,UC8kQHo2Jt0ru1GyQxT8Edt3,일반 멤버,2024-06-14
선수은,UC1NJo543COni-nn9hp_HVqx,일반 멤버,2024-06-15
소태윤,UCi2MnwbYZCd8MmqJ737_VRM,프리미엄,2024-06-15
곽민수,UCQJJRZpalgFpOBKRkkjXw-c,스탠다드,2024-06-16
마서연,UCIoX-aXO8fJgWCNe5oLZWmW,스탠다드,2024-06-20
구유현,UCcbqKzelMUXEOzsVWy4vAVk,스탠다드,2024-06-22
양도윤,UCdC2BdShsaS7vmeb2oXi4j6,일반 멤버,2024-06-22
노민수,UCASdVBK4noNd3gbcOKkTUwo,스탠다드,2024-06-23
기지훈,UCTmSdTADGettdhTR-59IJm4,스탠다드,2024-06-25
인승수,UCVWU4vBvzSGH3zYdyzpdVdB,프리미엄,2024-06-25
손지호,UC2TgUDTON81CLGdc-vkQpRm,일반 멤버,2024-06-26
정시현,UCEvKMmjEC26vKkyDTUKls2w,일반 멤버,2024-06-27
여수현,UCLGR7T3tKq9ml3TBHjqCShr,일반 멤버,2024-06-27
천지아,UCigSAZE2YWYCYDHfwaboizE,일반 멤버,2024-06-28
국태수,UCM6_cvSpID_ZtDS4CFoP2ME,일반 멤버,2024-06-30
맹준호,UCBBdOHVKWoR2hsraYqX1A2_,VIP,2024-07-01
지재원,UCyuMKcpbRl2ib0gCbjHzJNm,일반 멤버,2024-07-01
노다원,UCW_JvBu69VVFUVTL0WL_pNo,프리미엄,2024-07-01
현유준,UCRjcvrkLa8re4mWn9Q3cKYO,스탠다드,2024-07-02
허지훈,UC2jE32zeO8lhRRqMO3v5T27,스탠다드,2024-07-06
여태양,UCd95rDq_7qahmQwWNh48inn,일반 멤버,2024-07-07
방수아,UC-kqfrzywdO1rRy9aoodsqa,일반 멤버,2024-07-08
손지환,UC6q0YjzbNyNhOp98IuLdK_T,일반 멤버,2024-07-09
변수아,UCGeOURFYMOVAxadpgaplirr,일반 멤버,2024-07-10
류유승,UCROSTcQgvySIqCVkldLc3vC,스탠다드,2024-07-12
홍하은,UCF09fIjC30IgKLBmss7uR93,스탠다드,2024-07-12
현채원,UCrfnAZD-3PQP6E5Ulkk8T8F,스탠다드,2024-07-13
육현우,UCIEBQgaOUd5fcJ9y-fDZpN2,스탠다드,2024-07-13
금준우,UCmNIkaw26qHiPnu9RKpgEB7,프리미엄,2024-07-14
금승찬,UCCg-sZitdAoIwcdGxf_F9o5,스탠다드,2024-07-14
남동규,UCyAHeuCPPxxadbkQHmdKiA1,일반 멤버,2024-07-15
소승우,UCyY54z7DlUb_afg5i3yZj_f,일반 멤버,2024-07-15
허은원,UCXBIPBSVKbfDyHo-qrjAKUF,프리미엄,2024-07-16
여민기2,UCsEgaBga4pNXQMeFl3tcyEV,프리미엄,2024-07-16
배다현,UCuXyGZ8r1l9TV7tJOmUjgr6,프리미엄,2024-07-17
염수지,UCYrPcq11kupO-NGVRzcEiRl,일반 멤버,2024-07-17
하준우,UCni4dixqJayIuRO1t9HSPjk,일반 멤버,2024-07-17
공태기,UCA0Cn2GlEZ_NQe3FWc06njx,일반 멤버,2024-07-17
곽동우,UCUvB7biPUhE2wAUAG8pjngo,일반 멤버,2024-07-18
왕민찬,UCGFd1JEICqFZpeo19cbvCgN,스탠다드,2024-07-18
장은현,UCR6-u3TjSBDIbIsEBnw_6u2,스탠다드,2024-07-18
박서원,UCKAfWJ71s1MsahpHvVAwFRH,일반 멤버,2024-07-19
배민원,UCGlDiHbPOgikKnE37DKb_k8,스탠다드,2024-07-19
금수아,UCsk99I0D3M6jmf5J40hwBWs,스탠다드,2024-07-19
공서은,UCTSfP5--e2ft3E-LDfg-Dl_,스탠다드,2024-07-23
선지환,UCZqrO2FhK1pm_PBkLK_ZVXu,일반 멤버,2024-07-24
구태찬,UCArpy6BPjzmOINqOnAuVik2,일반 멤버,2024-07-28
탁예희,UC1Gls3rmTGi83gZ7rUMry8v,스탠다드,2024-07-30
연건우,UCbfLfIQp2U3HBQSYIPhClyF,일반 멤버,2024-07-31
배정수,UCvGwyNAViS4M2yJ2cbGXfC9,일반 멤버,2024-08-01
강지아,UCfk36S2PQZLtJgffhVKc-Zf,일반 멤버,2024-08-03
강은원,UClbGUoaNWyY4Z3u4UUudKSp,일반 멤버,2024-08-05
명성찬,UCAijnxdobe9jEto19Etdzkg,일반 멤버,2024-08-06
천태양,UCuQWGRFOwMekz6Hesq9Uy-T,일반 멤버,2024-08-06
반우진,UCwKzXA3TfUv4lufNAYW8LD0,일반 멤버,2024-08-08
문동찬,UCfA2BdL8-ZVRrvU081RbDVq,일반 멤버,2024-08-09
제승호,UCw9YNvAky1YZIFqfZb-heUr,스탠다드,2024-08-10
채승우2,UCicZqFfDNuJwSC9CPT3hJag,프리미엄,2024-08-11
현성규,UCsSGA-EzalNvdgkmjyoifow,일반 멤버,2024-08-13
국유찬,UCK20QwXsizqpjs81DbiREJX,일반 멤버,2024-08-13
안하은,UCnKd7toKezdIDXddhKYhC4-,일반 멤버,2024-08-14
엄채현,UCs2VeBWMuGEkgygDmfzv8VQ,일반 멤버,2024-08-14
양우진,UCgGi2DTSywrNFzdt4OdK1P9,일반 멤버,2024-08-15
은수빈,UCJcb0RYlBFYP5QU9F1mcNd0,스탠다드,2024-08-17
은성민,UCMZXlEs6OXG4fPnU7Oi0mBB,VIP,2024-08-18
신승우,UCRlgoW3XmH7ILMfCeMltQug,스탠다드,2024-08-19
남태윤,UCZqYJ3uJaPI1M20x-4zeoBZ,일반 멤버,2024-08-19
한태양,UCeSgzyvKLvRUDW0j8IQAtw1,일반 멤버,2024-08-20
최성기,UCGV1ob7ISGIKe59_NznPIdq,일반 멤버,2024-08-21
권동수,UCld-J3uG118GfCzOwJ6SyAF,일반 멤버,2024-08-22
곽민기,UCsBopu9DxkdlT8iGicns7Rl,일반 멤버,2024-08-25
기수아,UCqtgJRoD_ljZf6F_4Td-pFr,스탠다드,2024-08-26
허은현,UC4EbBa4Nuu4V4NqA5MDUtkP,일반 멤버,2024-08-27
임예은,UCQIKAwm2wVNFB33lIG3uPb5,일반 멤버,2024-08-27
조성찬,UCBFB1tPR8PJwrOu3aI27lYk,스탠다드,2024-08-29
권준기,UCd5hcoqO0xM5QsQBr2OMt1R,스탠다드,2024-08-30
성수빈,UCJH-P_q3KFSBEU8qyVhb13q,일반 멤버,2024-08-31
표지희,UC17tkhJ0aG2DoIegKRYwgPF,VIP,2024-09-01
심유성,UCflhM34HjZHj7mSZ8aVQdk0,프리미엄,2024-09-01
구도윤3,UCGum9aooFCtf-pe9Ry6ulyN,스탠다드,2024-09-01
인채희3,UCXPTo_7TSHGsqYlmZP1SP8o,일반 멤버,2024-09-01
윤은은,UC4-qJWYSqMfXIyAycAIDpAa,일반 멤버,2024-09-02
강은희2,UCzNXCjQtW__oo3EwFKWP2yw,일반 멤버,2024-09-03
소서윤,UCW_iXnQnT0EgL1zcumX8yf2,일반 멤버,2024-09-04
심현우,UCU4uPy5Vr6hZxz0S4DZzh8m,일반 멤버,2024-09-04
윤현우,UCW6YJJnSuLt55YwxdS3jI1J,일반 멤버,2024-09-04
염준우,UCu0__2wYHQUkH12g1WrSefF,일반 멤버,2024-09-05
정유민,UCCxWfQnTr55GNfqhuFR9Aak,일반 멤버,2024-09-06
배하희,UC8pii7wCn2Z2BOfs4qjAprD,일반 멤버,2024-09-07
인준서,UCZ0NzyqvQtL0uuLBSpJde7R,일반 멤버,2024-09-09
마태찬,UCDHuXev8l_yiDdSPoPRbsvz,VIP,2024-09-10
제지현,UCdIzSLdPFY_T9tqRGE_sabF,스탠다드,2024-09-11
진정찬,UCEvVC-ksSeT-OFApJIhXxDB,스탠다드,2024-09-12
장동우,UCZK06oXHkOYw9VR1T0PW55B,일반 멤버,2024-09-13
황소희,UCtCGwyh_QGrbkU9uSTD3K1Z,일반 멤버,2024-09-13
구지희,UCooNTWCPaguAYVTzU5bBtWs,일반 멤버,2024-09-13
강소희,UC-hhyRFeoOtWlLeNUZ171ak,일반 멤버,2024-09-14
용다희,UCTO2vLO5HVHrjYbIE3B4nl1,일반 멤버,2024-09-14
김준기,UCecmtccN9kn6oyiglsrMfUy,스탠다드,2024-09-17
용세아,UCqqQWufj7pHq16AfUcJQGl9,스탠다드,2024-09-17
기유승,UCa7jqEyXVVY2eTGF_96ZYEp,스탠다드,2024-09-18
정지원,UCreAgHeXAd8NnNFRnBLqytT,일반 멤버,2024-09-19
금지훈,UCZ7-yyC_8IboOwATLSjBepR,스탠다드,2024-09-19
인정찬,UCkE7g-p83eZTbHX9_3KT8gM,일반 멤버,2024-09-20
인채희,UCWtUBobN4bZCX4I0Qk4Oow3,일반 멤버,2024-09-21
방은서,UCBcZYNaPRtw_7j6nh42MzuO,일반 멤버,2024-09-22
황승수,UCsvEkaZ_tEEMCemL1JIQARs,스탠다드,2024-09-22
신수현,UC_0WqOmSclXp592ZYEbEwui,일반 멤버,2024-09-24
장준수,UCC31twZ9ir2RzQ5ukoUmn1k,일반 멤버,2024-09-25
안동수,UC8BzMCmKI8EEsFrUwH58pdN,일반 멤버,2024-09-28
강승현2,UCqGLR0XGIXPYO08Ljh1xiC0,일반 멤버,2024-09-28
반승현,UCS7aa_3Lo1wLqnWgd5rEFCe,스탠다드,2024-09-29
현민호,UC3EQe0U0FTj6eX7nUtKCNg1,일반 멤버,2024-10-01
송은서,UCweimOpunNE6ks0aF-T8KQB,스탠다드,2024-10-01
국유찬2,UCEOrwNfztm2fBX_OlAeOuMh,일반 멤버,2024-10-02
황지아,UCGxmtyeHbTs3uCH9yJIjmBu,프리미엄,2024-10-03
방수현,UC74wnOWs1BPVP5ZqN9osVKd,일반 멤버,2024-10-03
진준기,UCAEX2susd4w0tbeiAokpmoK,일반 멤버,2024-10-04
차태기,UCfG3bMUe2xQi195qdEaeJaz,스탠다드,2024-10-04
맹민서,UC-DgEvh7sRBkba17AeafNXK,일반 멤버,2024-10-04
편서현,UCz0tFeiENyKaX4WGsTPsi4v,프리미엄,2024-10-04
편유진2,UCd_9Ue4JqVzi8q9VScCRpTI,일반 멤버,2024-10-08
남하린,UC60TuqyYXLyXM51uNABr26d,일반 멤버,2024-10-08
임준수,UCPa4sYraN_Hn5qeBu66hqMj,VIP,2024-10-08
우지현,UCqExkoB36Utq7O02NUoCmPV,일반 멤버,2024-10-08
왕승기,UC76fJgya--qtKnYnr_g256V,스탠다드,2024-10-10
유서준,UC4kX6YOHZvDSqy5HQmJXK5C,일반 멤버,2024-10-10
현유원,UCPbSwtUuiH7b4SpkUWcrvjT,스탠다드,2024-10-10
편준우,UC6ZKr_rh03MJJCKUb7X1g7v,일반 멤버,2024-10-11
여동호2,UC4aUj5iFxfI4YVDIriA1FC4,일반 멤버,2024-10-11
강정수,UCJSVHXQuqk5rQ02NT4nROC5,일반 멤버,2024-10-12
전다원,UCBg2BhpKTu6vwKefxl8Rkzg,VIP,2024-10-14
윤민서,UC_4ZiBQv2qKUfl4AkYcYAKb,스탠다드,2024-10-16
어준수,UCZ6GWUFBkwoq6lOPAQcYEJL,프리미엄,2024-10-16
송유희,UCtJbhwhYHFDVwD15CZvrwJr,VIP,2024-10-18
반하은2,UCu2b4VaToknUKzNQKLmdx5c,일반 멤버,2024-10-20
현유나,UCemYBH2SHYyUjs94b66K3PD,일반 멤버,2024-10-20
주준호,UCMxCVcE56BqdZOERaP9GPD6,프리미엄,2024-10-21
전유빈,UC5owUQpc7T08EOhHQBJXYf-,일반 멤버,2024-10-23
심다인,UCO4iBkyLAyEyX-msDzhS6DD,스탠다드,2024-10-23
엄민지,UC667I7JXmFFbYhtHoMq_9sT,일반 멤버,2024-10-23
연승수,UCbjJrcLXrqH-9KoE0uYqxGC,일반 멤버,2024-10-24
박민성,UCpLcpLWh_BoPVUZRt2E0He7,일반 멤버,2024-10-25
이민수,UC5WKxs3LuCRhIX6nl7x-7pw,스탠다드,2024-10-26
손유찬,UCujJ_6epOUOGDmWdFgSiepx,프리미엄,2024-10-26
민성수,UCNa3QfGmq3jgQ0JfwAkAEdg,일반 멤버,2024-10-27
황성규,UC-ixZXuh9CZMJitGz9Vkqh1,일반 멤버,2024-10-27
길아린,UC6BUJE2pm15WFGV48ZTdGt8,일반 멤버,2024-10-28
여수현3,UCutPMFhHYsEPcxkg9EuRB3I,일반 멤버,2024-10-28
변동찬,UCdm9W8WIbYk8gmqUG2cMRYz,일반 멤버,2024-10-30
우승우,UCHUFKiArYqBMOogEGDJZRYx,일반 멤버,2024-10-30
양소진,UC-sM9S5S7M42UXUup43zzJ7,일반 멤버,2024-10-31
오태양,UCUmLYqy9wyOsozzd_zwuY02,일반 멤버,2024-11-01
주은현,UCOJR72mGCQDbvPBVM3lGBwo,일반 멤버,2024-11-01
성서윤,UCFQGdSnV8Z0-pH2YnuihXGQ,프리미엄,2024-11-01
한승민,UCXEh_CMrnUDWgBOSsojiY-3,일반 멤버,2024-11-02
소성찬,UCw-O6AwGj0a_c4kNMd5oyLy,일반 멤버,2024-11-03
민민원,UCe4v9JswLz3aPEGSt5svZUf,프리미엄,2024-11-03
연지환,UCeGGoirgaqY0TOjUP9eiPL7,일반 멤버,2024-11-03
김태수,UCnDqgutbQFgEeYtDaML7Cdm,일반 멤버,2024-11-03
권채은,UCrDYEbEd9082PzH2IaHYzcg,VIP,2024-11-04
연다인,UChc-d7Iqq7hpk5KHq7Af30u,일반 멤버,2024-11-04
민지희2,UCloQAmcIPug4w02bEV5fI4D,일반 멤버,2024-11-05
함승기,UC15ja1nMi3Xenml3RIbq82y,일반 멤버,2024-11-05
육나현,UCb1l0VksnHr9YNTcvIuZ0Es,프리미엄,2024-11-06
소유찬,UCncqYcosuZF3SkTRNM_gwWk,일반 멤버,2024-11-06
진채은,UCwYmS1UJqClZMuAcwBMUbha,스탠다드,2024-11-06
반승준,UC5NR0Cw7AtxiZ8U1GdYc5_E,일반 멤버,2024-11-06
전재호,UCZqTyevS4x7QCJzS3p9UQOc,일반 멤버,2024-11-07
이승찬,UCmSEEQ3a14OH-1-3ynC65hs,스탠다드,2024-11-08
연유원,UC7wI_1L9llRv-53baU-O7Np,스탠다드,2024-11-09
민지희,UCZ0BYDqNAltWnHeE48s_-Np,일반 멤버,2024-11-09
강현우,UC3dfesPWNK-E6czKkGgNzO9,프리미엄,2024-11-09
선민기,UCRsyEmkRKrZeYBHWOqYb261,일반 멤버,2024-11-09
문채은,UCJoqffQjOGe2sgU4lmTAfJ6,일반 멤버,2024-11-09
구세은,UC9aakZL72UdVIyG9UoM7YWK,일반 멤버,2024-11-10
남하은,UCsCZAZp0k7s0-N4Gb9STeEk,스탠다드,2024-11-10
왕하원,UC4gjYQ9plIddZSP2tgRRMMi,일반 멤버,2024-11-11
맹승현,UCjz0vTYnanlRPza6EeIwHTU,일반 멤버,2024-11-12
오성호,UC67AelzxSeXjAZRZWXl2qt_,프리미엄,2024-11-12
안지현,UCUNR1Ur46tmnx3hE0J_CuRt,일반 멤버,2024-11-14
방현준,UCO_Iy8GZ-fteRqbkwrpDDQd,일반 멤버,2024-11-14
서채은,UCUNt_JhQXY3_lfbJ66dmilG,일반 멤버,2024-11-15
지정수,UC_0vy6EqUwqalig0SSKBKyV,일반 멤버,2024-11-16
장지아,UC5Rn6eVNExbgwOrCKxzf-EV,스탠다드,2024-11-19
인정기,UC8e2Y59h1yr88PS4qC20TsA,일반 멤버,2024-11-19
고지현,UCrpJV4WFQdpwIh6R1T_CLkk,일반 멤버,2024-11-20
서다희,UCNw92QDEotiLL7xG46vzQW-,일반 멤버,2024-11-22
은지훈,UCeIqXlfyhzvmNHylbU2vRyK,스탠다드,2024-11-22
홍지우,UCgf-kf5hMKisEUNogGDwhFX,일반 멤버,2024-11-22
엄수지,UCgnej38a6Jjc6zY-Om9M96u,일반 멤버,2024-11-23
육재원,UCfiBbhEsAio476jxvBbsFj3,일반 멤버,2024-11-23
한유승,UC8GnPpZLigJ36b8KQfvlUgU,일반 멤버,2024-11-23
류세희,UCwd2TqszXgZ0eTcUaQGJqGw,스탠다드,2024-11-23
진동찬,UC0YWfDW5eK-ZcLoe_yyKKF6,일반 멤버,2024-11-23
위다은,UC1rpXRzJ3X1bll--NDtqOGN,일반 멤버,2024-11-23
윤성민,UCJcNF3UbdjobQ-jIsDYSoRe,일반 멤버,2024-11-24
설서희,UCBSJNcTzGKePJTN98Lr2sTV,스탠다드,2024-11-25
여동현2,UCSwiStrtY2kc-hQE2g4vme7,일반 멤버,2024-11-27
권지성,UCmCWhPl8cpQjvEofmlPXbH8,일반 멤버,2024-11-30
공하은,UCov98AtnZ6VpOwtycjFV3-X,일반 멤버,2024-11-30
어민서,UCX2iWpNoiSNpj5h5k_iRMQK,일반 멤버,2024-12-01
장승호2,UCa0QiePQzCdW_BRv2ooc8mC,일반 멤버,2024-12-02
함다희,UCsFRy6Ch4_oGeSJNQiyRiLt,일반 멤버,2024-12-02
금지아,UC413QqpzUokdgH3LYFndqb0,일반 멤버,2024-12-06
오채희,UCaKLhka1EhSpTlKO1C9twAS,일반 멤버,2024-12-06
윤지호,UCwXjYOPG7q_BSno0p7oZRRe,일반 멤버,2024-12-07
송지유,UC1lR54s2CvqzQ0xzqzC5ZS6,일반 멤버,2024-12-07
장하준,UCm65X3RpCifrDYLCwEBwbo7,스탠다드,2024-12-07
은승현,UCSowAPGoZbGosowtxepm16q,일반 멤버,2024-12-08
명성기,UCZ2Gew4AvDWd56VDH_ttlN4,스탠다드,2024-12-09
지서준,UCgJun4GLhZa8ENirG1m_ZzI,스탠다드,2024-12-09
어은은,UCR3ipAwp6FAEYAcI_WbVnAC,일반 멤버,2024-12-12
차정기2,UCOLLSd6QfJ6K6dJwaI3LSsq,일반 멤버,2024-12-12
지성민,UC4x8zAzqoLHtF5BWC8xSyeD,일반 멤버,2024-12-12
하은현,UCiLy8UUV_c1elfW9SLvl5vo,스탠다드,2024-12-14
임동규,UCKPUa1aR1wDhkM8ZSID-8Xm,일반 멤버,2024-12-16
성하원,UC-StSxF9iPloNo34Pgf7e82,일반 멤버,2024-12-16
왕태규,UC0IpZl_FkC-ox_sdfJY9N_I,스탠다드,2024-12-17
성유현,UCXRtorDTmEczSJrwualQtzH,일반 멤버,2024-12-22
성나은,UCTuaftU5sBJFPVnKNOtiYS-,프리미엄,2024-12-22
주은희,UCQiV-Lu_KPIi5Oy9Y3ZHo_m,일반 멤버,2024-12-22
모민성,UCFoA-ShYX4qJmhjdVrb4dGV,스탠다드,2024-12-23
민서현,UCW2-EMCaonCk5kbjcoVReUW,일반 멤버,2024-12-23
송서은,UCluK7y-hNEMwROamhq6mRUw,일반 멤버,2024-12-23
남은원,UCdcaQsWe6h5XN4Paa5cq8Hl,일반 멤버,2024-12-25
제준기,UCK-Oe0WPB2eUAtIdG-66vX3,프리미엄,2024-12-25
은나은,UCcgBPLuKxJgQv7uYqX4IZZx,일반 멤버,2024-12-25
구성수,UCZ7oV7UXC4TnbujOI8mHJlk,일반 멤버,2024-12-26
방태수,UC0f1mKYjBu3QXmd4jchpKWM,프리미엄,2024-12-27
모수원,UC0KydKeF2QN7-9ntU9hqYBr,스탠다드,2024-12-27
모예은,UCTKHWTMliO-FDzwrnvDP7gx,일반 멤버,2024-12-27
어민지,UCDy_aQ4bCFWj0LxNuxrGDlA,일반 멤버,2024-12-28
연다현,UCe8ntpDu92poGYzars_Dm3W,일반 멤버,2024-12-28
육서희,UCl1VoK-yUdHXuTzoa77qkRi,일반 멤버,2024-12-28
변준혁,UCQTGLaF82jSIsxfwNL_1M-4,프리미엄,2024-12-29
연성기,UCRdh7XE5N6tj3usEetVFCne,일반 멤버,2025-01-03
국동기,UC544lSos-Jr2crBnxnVhxX0,스탠다드,2025-01-03
편준호,UCPxYeToLSiFD9j5xiqcemBq,일반 멤버,2025-01-03
최수은,UCSbBY3otaY4akDa5foekbS3,스탠다드,2025-01-04
여민은2,UC4R3BzYYWNs2wd0VpG4cBrY,스탠다드,2025-01-04
석민준,UCZqtv0Qk_8USFWjp84ZbcGs,일반 멤버,2025-01-07
여다은,UCbf96fSoRrHvVeuwTFlt0UN,일반 멤버,2025-01-08
김준호,UC_GO3UfuJ3rG8UQBuZNPBjr,일반 멤버,2025-01-08
권수원,UCQOvqxRfF6kjd1zMnydwxON,일반 멤버,2025-01-10
변정우,UCGrFylMqqqfsb2WbioMqLQ2,일반 멤버,2025-01-11
기유찬,UCpIKJMicXxfIidktNQUkQ-h,프리미엄,2025-01-12
설성호,UC9V2GL9gnx2lHESHIroOgVV,스탠다드,2025-01-16
현승기,UC-2a2_sEG2sLZj0AOh47e8T,일반 멤버,2025-01-16
문유현,UC9CKm5U-EgNzj4MIgRo2v9n,스탠다드,2025-01-21
이태양,UCRs10msL_P10iD-k2cVGAKU,일반 멤버,2025-01-22
어승우,UCkWG187c1MwETfz6KhhdGRh,스탠다드,2025-01-22
길수빈,UCa6G6FODrJ1S2ZM5KFINhrS,일반 멤버,2025-01-22
설승준,UC6FoUCC1VuyKCly2WRaYlWH,스탠다드,2025-01-23
왕하희,UC1q_ylOtZ-9qjhzOEFYZg2U,일반 멤버,2025-01-24
윤예은2,UCQj1lhdL6wXlc2gONpogj5T,일반 멤버,2025-01-24
길재윤,UCGWvMF-dawtunNIn39menae,일반 멤버,2025-01-25
함승현,UCc0L1bYVXY9ikY1a42YbxPs,스탠다드,2025-01-25
편민준,UCs4HSZ7cSVlRL8DEzSwQkre,일반 멤버,2025-01-25
천동기,UCQS9XGGf9uqwqdmBRojtxQ1,일반 멤버,2025-01-26
맹지유,UCe7JBc6oN6nPhhF8KmhIcKg,일반 멤버,2025-01-27
연민성,UC59hqBFl-aEZGdJniG0mgN4,스탠다드,2025-01-27
변나은,UC64bVnjYyyuC8JHODeE4RBU,일반 멤버,2025-01-29
염예은,UCYVERyzYyUeCz3ShXlQBqCz,일반 멤버,2025-01-29
마다희,UCmpCitQpoCst8VGMwM4vWQw,일반 멤버,2025-01-30
염예희,UCEeinkqkJog5pK13L9gq3B6,일반 멤버,2025-01-31
설지환,UCH03WqADiIgdGGlgrpSIUpn,VIP,2025-02-02
마승준,UCZWovRT2BmpUQqDmQlvkWS-,일반 멤버,2025-02-04
노승준,UCWfBuuL8wjr-B94lkFA9qip,일반 멤버,2025-02-06
탁유준,UCkg37ByJw-YkhZxi_uMgrP2,스탠다드,2025-02-06
하가은,UC7hVTn3BoGVtu99D5Xn55Tq,일반 멤버,2025-02-08
채다인,UCgiAOIoKwCBOwMmQlg-prgs,스탠다드,2025-02-08
옥지호,UC4xSrwQPsKtA7upzbJdcZU5,일반 멤버,2025-02-09
문수현,UCKodxTf7DeuzSZ9hdhbu-oY,스탠다드,2025-02-09
양민준,UCzXs5MTC8IQl3d5hfPcG6g9,일반 멤버,2025-02-10
금예은,UCkUuTPgA4DKyOI9qaiGFNuE,일반 멤버,2025-02-10
진태수,UC8233RS0ZbjqZowCRk0cen2,일반 멤버,2025-02-10
양지민2,UCj0OR3B-f34w5fkKQyWgSKT,프리미엄,2025-02-12
이민지,UCc39DgYgrgHPMpJq4BDAC6g,일반 멤버,2025-02-12
고승민,UCLXUMkYEF8SI2MNCC36A46O,스탠다드,2025-02-13
길예준,UC79zRUVHaX85C7Z6T-qcjqR,프리미엄,2025-02-14
염하현,UC9cxvMiNY-eUJcEyyopBGQt,프리미엄,2025-02-14
양민수2,UCYcIslSIdWazeH71nS4KlO4,스탠다드,2025-02-16
길세희,UCJnZTlLje6SOBVsu0sajJB5,스탠다드,2025-02-20
설현준,UCVDbFgHKs9SFb53UhCd7eIX,프리미엄,2025-02-22
금태양,UC6xUukEiyqv2WK5NVgOgrEJ,프리미엄,2025-02-23
양예준,UCsjjhEQEhjsQxszWeZfSzLz,일반 멤버,2025-02-23
방준혁,UCz6QeAm2BemQaEyk4H3ndJ4,스탠다드,2025-02-24
여준호,UCaOjHE0E3J1Gnm_u8TNUfHf,프리미엄,2025-02-24
강은희,UCxTz_jv2REccwsODM--J0fb,스탠다드,2025-02-25
강준서,UCZE-K4pJtHRwPEtwqHAaq6P,스탠다드,2025-02-25
유하원,UC6OSop43qBUfgPeBdPpA8iG,프리미엄,2025-02-26
명승현,UCZ7nxcWSnC2FvfBDdmvnA0C,스탠다드,2025-02-28
국유진,UCXdkGyR4oXavuZd0oZxezsW,일반 멤버,2025-02-28
주나원,UCOafyG6KHB4fqRTecp66ntp,스탠다드,2025-02-28
여정호,UCYr_JX_abCIbTnku3fEBeLj,스탠다드,2025-03-01
전유승,UC9utKnx5A4_gj2w6qSU4vAb,스탠다드,2025-03-04
차다은,UCCx0pUjuAo5eVAkPoOfxwPO,일반 멤버,2025-03-04
원하은,UCN3DezOdvJedYPOvJDrajQ6,프리미엄,2025-03-05
하하린,UC0l4CCeHBHebb1uUwrJA1kP,프리미엄,2025-03-07
석다원,UCaJeTWZCtaDQ7goiDzJ6wnT,스탠다드,2025-03-07
진유성,UCQwyOCq1HYe7DNihtKYlqhV,스탠다드,2025-03-08
제민찬,UCo5d18vm8lj1HKoxa4iNm9-,일반 멤버,2025-03-09
황유환,UCm8BGNIDX-aZxW7riSxy_3W,일반 멤버,2025-03-09
권지아,UCgEqUg4zYubxgatMxzjT6HT,스탠다드,2025-03-10
서세아,UCcR3f53_X8ZEuYOzggLeOQw,스탠다드,2025-03-11
유시현,UCf3VMqVF3NIRvfC5vovT9Ai,일반 멤버,2025-03-11
어태윤,UCidJBGG09aCge4CAJR5c6l5,일반 멤버,2025-03-11
명유은,UCd3lcbq4CNQDS_M-KK8wPLZ,스탠다드,2025-03-13
안서현,UCSbmqTM3fZQQPGoSIIdKrHE,스탠다드,2025-03-14
공정찬,UC7TYL5iEP9SgNUFHVV6Gy1J,일반 멤버,2025-03-15
강유진,UCswGGhZTX2hHyt-R6jQcaie,일반 멤버,2025-03-16
표재원,UCDQItdoGLcTLg8oYQUp-Yt8,일반 멤버,2025-03-16
도태기3,UCxNt1JwPngaY3-MR8RgtY_6,일반 멤버,2025-03-16
진수현,UCJqFxLmFxDdHMqGLpq8rW8r,일반 멤버,2025-03-17
용재윤,UCYLxJ9V1ZhHNPyDGKNwD4Wy,일반 멤버,2025-03-18
인태찬,UCCjm191KYolIm0_GvifQg88,VIP,2025-03-20
손채현,UCAGzRR-jy_ZvrqqbjOlVEmS,일반 멤버,2025-03-21
류성기,UCmR8k_eANtcqag-khJw7cLm,프리미엄,2025-03-22
국수은,UCcFxwjw0YjpWrzYX2itvZTG,VIP,2025-03-25
여준서,UCK8AeaRnueKF5knoAlzksPm,일반 멤버,2025-03-26
차태기2,UCAe-EdB4cIRjPExLGjO75Ih,스탠다드,2025-03-27
구승민,UC9lwCYtWfA2nxkXiwHvshHD,일반 멤버,2025-03-27
구도윤2,UCS3NIOz_WGmb611qkj2IuB2,일반 멤버,2025-03-29
성준수,UCD3b-IdETVN8isX_smO7mBV,스탠다드,2025-03-29
주은은,UCDVRSJS2vEWgVMBAY6YfYbU,프리미엄,2025-03-29
기준호,UCknOrYSfFGhlJ6ZOWneH1--,프리미엄,2025-03-31
유채원,UC5KRb1TAVW2QS4QlH8n1xZs,스탠다드,2025-04-02
오민찬,UC81Ej0a31E3bT9KYfWcknz7,프리미엄,2025-04-04
금승우,UC39Xfl6sf2TKtCi7p_GHuto,일반 멤버,2025-04-04
여은원,UCBT9MHZUgRV3VA77HAfkoNg,일반 멤버,2025-04-08
지지현,UCGQly62ooxig8F6mxnshmGK,일반 멤버,2025-04-09
주민기,UCqd35JP-g8cp50DWQi0mFDI,프리미엄,2025-04-09
탁예은,UCTcgB3o5nEoqN-_WCN1vsou,일반 멤버,2025-04-09
석준규,UC8HNLZsiogCCD-43wUYd4vz,일반 멤버,2025-04-10
함나희,UCS7NfD3nbhKB9TniTLm6XWL,스탠다드,2025-04-10
인예은,UCRhPnJugK7hkX2yRaJE6tBr,프리미엄,2025-04-11
장준수2,UCjwPSNDu_opwqPqET3yXFAh,일반 멤버,2025-04-12
채하은,UCK2nE-igCU4W2LgQM7CqBD8,일반 멤버,2025-04-13
반승현2,UCaHZnYHUPKimvh78gLOIdVP,프리미엄,2025-04-13
성채은,UCb8lW_vzF0obMmSM-K4FVit,일반 멤버,2025-04-14
안동우,UCPVb0XWcieL5_PtrPyTaqE9,일반 멤버,2025-04-14
지태양,UCkVPq0SgahJWtYm461HX028,프리미엄,2025-04-14
한준찬,UCddW26aIq-nlJ_B0cQ5ZLNB,스탠다드,2025-04-18
류서연,UCIgRmrQh5I-Q8QUB3pHAlcS,스탠다드,2025-04-19
윤승준,UCdl2_5JgMKZ94HC43dPsFzw,일반 멤버,2025-04-19
손태규,UCxjaxbUq1bc8oKxBgjrrXyK,스탠다드,2025-04-19
선태수,UCWIYdY7uxdbzTCdlOxus32l,프리미엄,2025-04-22
임세원,UCmQ5Bj-FfaLuYxF2GNhg5hs,일반 멤버,2025-04-22
이서희,UCvoD9lgipr1TMmzS0wZFTHP,일반 멤버,2025-04-22
왕세아,UCbjquWrwYf-LRf25fNrcQvm,프리미엄,2025-04-23
주예은,UCzLlmFebjoNYeqHa9k9tZcK,일반 멤버,2025-04-24
진지훈,UCiAY4AbTf-hPpHrRClEwGWH,일반 멤버,2025-04-25
추소율,UCNAG5b-ai9kcTyL-uiCfqh6,일반 멤버,2025-04-27
송유성,UCoqJ0SGx0RQVYG7AbzkFVYu,스탠다드,2025-04-27
엄유민,UCUAVdm2wnKn1u9-EMEHSdGb,스탠다드,2025-04-28
장서준,UCKk1q5eLIcUBdq7C0V44_bC,일반 멤버,2025-04-29
신수은,UClFXVZKI48GvwuGMXSYrEVv,스탠다드,2025-04-30
남유승2,UCiDCADUXvy4PKFLwwicAwgn,일반 멤버,2025-04-30
여예은,UCYIPSlIDUoNjhUbQJeqaRCF,일반 멤버,2025-05-01
양동호2,UCiF1sJO04JCABfxdT1eA_35,일반 멤버,2025-05-02
신우진2,UC5F4e45b30iovVYyIjjIcOo,일반 멤버,2025-05-02
유민성,UC0OxVN1_5j4Y70NBa8Gfne-,일반 멤버,2025-05-04
남유준2,UCsaSZl6UN4WALfiL4qwnhjl,일반 멤버,2025-05-04
소예준,UCNDY44n-hctZcyZ4rCchOq7,일반 멤버,2025-05-05
공준수,UCTWNLAKfLTOAgpmSew7sRwl,일반 멤버,2025-05-05
현유현,UC7DB7yVF12qAEJXLwKATycJ,일반 멤버,2025-05-05
편윤서,UCyUtahiLOV4Yk85UeFsIjVb,스탠다드,2025-05-05
어정호,UCcsI6-U08VnwRptJpbRtqYC,프리미엄,2025-05-06
이태호,UCVyPyCZfLSuJntqD91TwASi,스탠다드,2025-05-06
하준호,UCeS3scWPqmB3eUs6PEF37DI,스탠다드,2025-05-06
연준혁,UC0mxTr-bzg3O5XGmzcKqpJ1,스탠다드,2025-05-07
반소진,UCpQtv_St7jhj2KiF-uqjd9J,스탠다드,2025-05-08
김준기2,UCSNv6c5R9rVa8mtwkG6mR-_,일반 멤버,2025-05-09
명도윤,UCCogqhcu4fYxeBWfMaNmtBX,일반 멤버,2025-05-11
어지아,UC6Q56FLV9vktNIr_2BdVQ-2,일반 멤버,2025-05-12
조시우,UCwqTz5wkjQ85gUSTYpE1MQ4,일반 멤버,2025-05-12
채태수,UC9lCAFH8rwaGk5jsD3lY_7V,스탠다드,2025-05-12
홍승우2,UC_8kEvVFGFg1bvEablVzDV9,프리미엄,2025-05-14
반은은,UC5evYW22oD5srF8t8Tj1U8s,스탠다드,2025-05-14
유예지,UCdQ1jUyB7PpcGzcTiHc0TNW,일반 멤버,2025-05-14
양준찬2,UCWX8AssWbCSs10zqglTSNLI,스탠다드,2025-05-14
안승현,UCgu88vaPLrGqIGqQDvXQpAq,프리미엄,2025-05-15
도가은,UCnHkQ-3xsunT_LCx2jWa3It,일반 멤버,2025-05-16
선채원,UCLdM9J9WGTWLPZ68rkExozc,일반 멤버,2025-05-18
이유성,UCv92XJKVIfEjcpnyROF8SfR,일반 멤버,2025-05-21
김나원,UCaDls_O9M6FXAnpIYWMhAKZ,일반 멤버,2025-05-21
도지원,UCIiSXPeKUx6DF3z5R9BmwUS,프리미엄,2025-05-24
구도윤5,UCp6gxpUw2N-i1YVenngS6wZ,일반 멤버,2025-05-25
연서연,UCwFrb2ggLz5uTE1-8j6VLuS,프리미엄,2025-05-25
반유찬,UCYw44dbybTDsirpgpQtIUG8,프리미엄,2025-05-26
편유진,UCGp8EBm2PH1AThldCEbYZjF,일반 멤버,2025-05-27
엄세아,UC-ZZEzFwuoTZd_diw5oCtBE,일반 멤버,2025-05-27
양세희,UCwf8RmBEFHGQ5OHOj7CQQsI,일반 멤버,2025-05-29
여세희,UCx5Q79LjF61aCychf5ITpID,프리미엄,2025-05-30
허태규,UC2sRI-t0IcbCIJeoCC_UzrV,일반 멤버,2025-05-30
차태찬,UCK_4m2FUOgWyhCuKlOWo9rf,일반 멤버,2025-05-31
주하희,UCPHJed5cvDygxxKuGyiyg-5,프리미엄,2025-06-01
구유현2,UCGJnu3ncHtzmdxzBUZxIaQ1,스탠다드,2025-06-01
곽지은,UC-dpsVY058aLuNLq5NCTa62,스탠다드,2025-06-02
윤태호,UCbSGy2YcfV8rEtCui9_JZ7v,스탠다드,2025-06-02
인준규,UCu-t9hKb0ZmIStj1lpZxftl,프리미엄,2025-06-02
탁다희,UCAmV6RNbW2CqbVX5-_AAhTH,일반 멤버,2025-06-03
추승우,UCvaCNjj7ng1SpBROIdsUqqg,일반 멤버,2025-06-03
왕재윤,UC8gUwPw1zkOuqnjGlJyOACT,일반 멤버,2025-06-04
민유은,UC5o7-Z3BLapNV3xyAux01nL,스탠다드,2025-06-04
손지원,UCCZRH5jl1fCo_WneKAcs_Ee,스탠다드,2025-06-06
선승규,UCWTMJj8xiY_Hd5pLj1jCc79,스탠다드,2025-06-07
권성호,UCad5MOD1vf7hNq1JbNL3Aph,일반 멤버,2025-06-08
편하영,UCr88Z87mvvPlrPiBuEJMRXq,일반 멤버,2025-06-09
서지훈,UCh9OojO8Fxvqv5awCFcwrYi,스탠다드,2025-06-10
신민원,UCTq-q4MUeV835HGaUqQDFn6,스탠다드,2025-06-12
방다인,UCsRrdeaJS4Tcv7myZP6qD-k,스탠다드,2025-06-12
남채은,UCIXtI4D48UPNsrrUefRUsde,스탠다드,2025-06-13
현태양,UCGxxLkabRCxkxTUxTW08o8W,스탠다드,2025-06-14
국지환,UC1YovEz2XU6OpCHxQbyQAIt,프리미엄,2025-06-17
문은희,UCthecigZTfl8SzgoPkmpC8m,일반 멤버,2025-06-18
석정기,UC8OPgZuJYa-seeXThUEww6X,일반 멤버,2025-06-18
연서은,UCijC0FnwIIpCTlHL9yTLeMX,일반 멤버,2025-06-21
진승수,UCjWgcAQVWabD4mn_jJWOfhI,일반 멤버,2025-06-27
공동현,UCJMF6cK1N4OYaK9xIcYgtvs,스탠다드,2025-06-29
최세원,UCgSYPWIRBi8sUs1QOls44mA,일반 멤버,2025-06-29
길유현,UCU-7XQzwzLgX4l0J-gUWWtj,스탠다드,2025-07-03
석시현,UCJAd6cfHtcSjRPMfNax3bOq,일반 멤버,2025-07-03
조예린,UCGHahfPHgKHJrRkqPHKK1E2,일반 멤버,2025-07-04
모성찬,UCs7-B26PFRXFJ9ss1JRQLLh,스탠다드,2025-07-05
도태기,UCj1zOq7DbDkfawhgIStMpFG,스탠다드,2025-07-06
송하현,UCY4bN5wjKFgNyJh3fDvTFIA,프리미엄,2025-07-06
인정호,UCl8liDIQamESHz_CccpZzOy,일반 멤버,2025-07-06
채재윤,UCtKDnMG1IaBoKXNUv-HJx70,프리미엄,2025-07-07
윤유성,UCdwUnAT5r2V6HYl7XBgnSS4,일반 멤버,2025-07-08
옥준수,UCXjcj92GJzLV4gKSj0kMEce,일반 멤버,2025-07-09
하나현,UClWewOH3x7bK5iTHM4DnOyB,일반 멤버,2025-07-11
천수은,UCO-_8TSbdapUTE4kXmlHbYZ,일반 멤버,2025-07-12
안민서,UCKW8YSpoivJoiHCn1j0Ktse,프리미엄,2025-07-12
차주원,UCAPOdRnXhykY5NiUpRW1DEM,일반 멤버,2025-07-14
엄하영,UCxY7QiF0J4zldfzbHq5bgVX,VIP,2025-07-14
곽유진,UCWPwrKneacEZr1Yl4XdEstw,일반 멤버,2025-07-18
왕승호,UCGTWlCRntObIQ70GrrzKDqC,스탠다드,2025-07-19
옥동기,UCDriXO8-U-lre2En4MCNGQv,VIP,2025-07-20
류채원,UCLK1HjCriKdIyBe7wfN0zur,스탠다드,2025-07-21
김민성,UCYdszL0tRbah3T7QAoLiiNt,일반 멤버,2025-07-21
설동우,UCMEYsF5k4GVELofBOzqMV6d,스탠다드,2025-07-21
함나원,UCPmwD7Mp29CTT8y4aDuQ9Dl,일반 멤버,2025-07-22
서유민,UCGchRtLSx7H94rFB9ESskYr,프리미엄,2025-07-22
오민서,UC2Gh6Ce5HNrOgrsjCiof4RZ,일반 멤버,2025-07-24
류유현,UCiqIT7GrQL2SBukLQDR0oIp,프리미엄,2025-07-24
홍동현,UCPE6m1nj1b_F__cFc2xR8bA,일반 멤버,2025-07-28
남태규,UCDYEojDhjy9bstFnwnUyxPq,스탠다드,2025-07-29
조시우2,UCX1OOuM7n6VKGXRkCFumTCG,스탠다드,2025-07-30
마나현2,UC0Qdy9VATSmia7cZZXZeSrv,일반 멤버,2025-07-31
육예린,UCm_I2l5VqBj9uJj-dmGIKQt,일반 멤버,2025-08-01
구지우,UCmQWI5bHmJJSl71kR8NbD2P,일반 멤버,2025-08-01
장태기,UCo5Vmt9klU8zXAU-TqXHm3M,일반 멤버,2025-08-01
남하희,UCgFCI9erPonocOv8YQW-Myt,프리미엄,2025-08-02
민서원,UCnVUFE06NRMvXnK-1BgAUpf,프리미엄,2025-08-02
양유성,UCpDmLQOvFBMpxApKdGMs56y,VIP,2025-08-04
현서연,UCyW4vgujDDglCueYJdgs4pZ,일반 멤버,2025-08-04
추지아,UCj0QPkhCb8UZazYcUJ1DLaZ,일반 멤버,2025-08-04
채승우,UCspv_GUGnZo4cxxTM2qiGND,일반 멤버,2025-08-05
반민원2,UCXIchci_w5pdB_i9tdtvWgw,일반 멤버,2025-08-06
반지희,UCOuMWrRYQv_8f2AXAG8e8iZ,스탠다드,2025-08-07
주은원,UCOxeROYpufqqzcDy39aTkRj,일반 멤버,2025-08-07
은하희,UCWzxWkeEmpXqs3su-VksU-n,일반 멤버,2025-08-08
이지현,UCFGJfIiBMVc252KT4iZWFzE,일반 멤버,2025-08-08
천다은,UCLZWHK6FpVaqMip6KtpeRzU,일반 멤버,2025-08-09
소수아,UCOD_Ppc1SJNCoot6-s050P0,일반 멤버,2025-08-09
정지훈,UC_CqCOWqKgtKEqUO2Of1X79,일반 멤버,2025-08-10
박정기,UCozCAzRs6UkqeYLy-Fn6ta_,스탠다드,2025-08-10
추지우2,UCqaDou2MtTJRPiInD8_vXUN,스탠다드,2025-08-11
오승현,UCoFnhVsNYyjRZEPR_TDB86_,스탠다드,2025-08-12
함세희,UCXgYf2kEzZS9Kz6bSXXYGCP,스탠다드,2025-08-13
문채희,UC7JZzejT7Nxwa9hCV1D4OjY,일반 멤버,2025-08-13
유서준2,UCNXJ79qLLN9wsMvD8aoSVaB,스탠다드,2025-08-14
신서원,UCKY0gvRTNbrrq_02HGTeKBa,일반 멤버,2025-08-17
남은서,UCyVOxiUjRRGJn-WpNtfe8Ex,일반 멤버,2025-08-18
오수현,UC7tx8VXrgLbsh2re3vmVtzx,스탠다드,2025-08-18
차정기,UCzQbmWS2UOi_FltMWkxuad4,스탠다드,2025-08-20
기세원,UCaHkjTv1VsXwHH6lx_6-6Xl,일반 멤버,2025-08-22
맹다은,UCgRYkIqzFuYLciUbhXH5W1l,일반 멤버,2025-08-22
전하준,UC8UlARJXpN1tkRFyqobZyf3,일반 멤버,2025-08-22
명승현2,UC2YZbfejGc8QyN1hKFAlGgF,일반 멤버,2025-08-25
허하현,UCj0v__m_MZJm8bfhINjazoB,일반 멤버,2025-08-26
남민규,UCI9Pb0sMSRXuVXzBQttaiA7,일반 멤버,2025-08-27
표민찬,UCLMGeXYMxRRxkgvRKTfDhtj,일반 멤버,2025-08-27
성소율,UCvZMCuZXmzMgMsq9P48QAVa,일반 멤버,2025-08-28
현성수,UCDBiRiBPSn8kRnIxVEpEEQ8,VIP,2025-08-28
표유준,UCa6NFC8ZCFePAmRmOjnmMnG,일반 멤버,2025-08-30
오유준,UCErkRUQFIbQIvCMxOZicq7r,프리미엄,2025-08-30
차태호,UCWLjkN4qcZOLU34nWr5SA8i,일반 멤버,2025-08-31
국서연,UCxuFtUcoHLG11qjTdw9ElFc,스탠다드,2025-08-31
용유원,UCNC42wirC3CIptJ_6Fsnd7B,스탠다드,2025-08-31
도민원,UCUoTACcxCRDaeR_wGsV23nL,일반 멤버,2025-09-01
홍승우,UCSMuOTHdmKX5wDvhfuMtX6Y,스탠다드,2025-09-02
제성기,UCx6dJVdmtGpVdV_bCC8vFTw,스탠다드,2025-09-02
기성기,UCeSDONDFqA5U5hktzXjZT_g,일반 멤버,2025-09-02
서승수,UCa1ir6YaXTgQ0ZhCkSWm1OF,일반 멤버,2025-09-03
윤승현2,UCRg90rcsD49N2Z-TUNh7zNT,스탠다드,2025-09-03
염유민2,UCZva08kU1N5_iV1hCAq2hON,스탠다드,2025-09-03
염예지,UC2yIgWryKnYyC9g94mvSzEj,일반 멤버,2025-09-04
남수현2,UCblTaMzPq0L0yzEVyi74034,프리미엄,2025-09-05
전수아,UC3uNdUq1C1_Ho12ZUfAobeR,프리미엄,2025-09-05
여태윤,UCf8DOY1qylMNertFdnRQfRf,일반 멤버,2025-09-05
원세아,UCuzaaxpjJf2BD0MRMQCzDzu,스탠다드,2025-09-07
주다인,UCQKwZjff6BuMK2Q9RVL7VdU,일반 멤버,2025-09-08
오지환,UCVJsPk5LPmI1PDe1YuUmqgY,일반 멤버,2025-09-10
변민원,UC-NV28RD_XO5EKDMtvz1wzT,프리미엄,2025-09-12
원나은,UCYy7lrTR_d_BZMfPiz_BS6S,프리미엄,2025-09-13
류유승2,UCSYLu1NrcI1g1QZ-Ex1ymCe,프리미엄,2025-09-13
편성규,UCdhkZZW2dputTbjHCtgkFU-,일반 멤버,2025-09-15
한태규,UCcvFsctYIbpLM_Dp2LsdRB0,일반 멤버,2025-09-15
양지우,UCj_UaF__pwHG3KFnrkM-0B1,스탠다드,2025-09-17
도시현2,UCTwhpmgdZLiUXViBqj7lMNN,VIP,2025-09-18
여민은,UCnIqc3d0C2EsSUGYhCmyGSc,일반 멤버,2025-09-19
안태윤,UCFEkdRVU1O_hm4bgH4Go814,스탠다드,2025-09-19
남승민,UCJ79YUe7-8WIFJTIaQusIDl,스탠다드,2025-09-20
장태규2,UClgh3UKpzxmpoyq27ciuYTN,일반 멤버,2025-09-20
성성민,UCD3E1VDA0mEZQX98x-LMwgv,스탠다드,2025-09-22
구도윤4,UC04oSvBZCo1ypqnqcEPeLJP,일반 멤버,2025-09-23
함준서,UCfF7vjGHjjQBSzgahfRcwwg,일반 멤버,2025-09-25
공유준,UC0amNHz8urt2LvXOv2OcQ_t,스탠다드,2025-09-25
채재원2,UCYqUof3LS6pE9TbirFicLdp,일반 멤버,2025-09-27
김동기,UCxpycZCyGW4ZDkS-jfDb-L0,일반 멤버,2025-09-29
구민재,UCqCgsbq5TmQEfKJrGYxIJp3,스탠다드,2025-10-01
남유승,UCq9DRw_fu8-U2aQHdsCfX5o,일반 멤버,2025-10-02
서유희,UC7J_p7hwssHFgDZfJgtoGIP,VIP,2025-10-02
육승찬,UCac8hTuIn7HBZiKI46ppgGh,프리미엄,2025-10-03
양민기,UCgTfJBQh40wjUlG4-gQEbeB,일반 멤버,2025-10-04
최지현,UCdGvAsPOqSHHpi0jFK9gWCc,스탠다드,2025-10-05
기준수,UCEeHEzGliOFyBZ9jBqpzGyn,프리미엄,2025-10-06
배예린,UCZr0FhBzWa-5KuDKKJ7JaXe,프리미엄,2025-10-07
강나희2,UCj2MHsjw1WLO79_VHLqCbih,일반 멤버,2025-10-07
권서연,UC7_fa6zauwFJuA7sQYaN7DP,일반 멤버,2025-10-09
고서현,UChVwnvovyX3f4W9KEmWYO7Z,일반 멤버,2025-10-11
천세원,UCgOXipKv6THkw4SyfKaoi4K,스탠다드,2025-10-11
금정수,UC9eO718NiOpsplQT5QEZ9NA,일반 멤버,2025-10-12
기준수2,UCaNXkm9YkVKWINfp5lQy3L4,스탠다드,2025-10-13
곽지아,UC3P8yZwYKW6WSRsyoqrbHYe,일반 멤버,2025-10-16
국수빈,UC_t6PYN8CFK6PuhMtoIHe3q,일반 멤버,2025-10-16
방하현,UCahvIvM3qywPhYDU9aHG9qh,스탠다드,2025-10-16
제준규,UCGmPrvz_zdK3aDBSBVkdnDQ,VIP,2025-10-17
양동호,UCyXMLMvCVrdtfL6PwX35JXL,스탠다드,2025-10-19
공지원,UCV27AzkgkhGQv2xfuj1SU1F,프리미엄,2025-10-20
원민은,UCsIwiYQ7MqeqIyfVY-4mXFZ,스탠다드,2025-10-20
장민원,UCWOCHjoTLgaNVK-04wKgUQq,VIP,2025-10-20
명예나,UCrcUmWy6XWti7yHhR5npNZ7,일반 멤버,2025-10-20
곽하은,UCZKdaRxzqisLmu2mbOOERcC,VIP,2025-10-21
금서원,UCWJT0FTJ1jrC9-Ml_cnwWTx,일반 멤버,2025-10-25
여유진,UC2YJySVmysF-UkVPKDmle1f,프리미엄,2025-10-25
원태규,UCuAQk7o4wLxGjkoyMvQOwxh,일반 멤버,2025-10-25
김은희,UC3IH27D0hRMHmbaZGeeNLe6,프리미엄,2025-10-26
구성규,UCRiSr0wWQsrrLVvmedGQS7S,프리미엄,2025-10-28
금하은,UCTPqCxOufdhn6-DwV9ZJvNm,스탠다드,2025-10-29
손세희,UCm_dBu-IQlXLVeiSL5Xy-eA,일반 멤버,2025-10-30
장나은2,UC6qcaH7W7Lt8nsZMbGTRDqk,프리미엄,2025-10-31
소민은,UCO6kVpqLwBeTkys7VpzgtxR,일반 멤버,2025-11-01
여수원,UCR_oeelDN3ne0q-KWOMQipP,일반 멤버,2025-11-01
조나은2,UCJ44oaaw2zMauq6TK5Ndz56,VIP,2025-11-01
심하은,UCMCfb47LXAMm_qgG0vFyDhK,일반 멤버,2025-11-02
제준찬,UCGVM6Fa8_hrAZ8ePJt22l6b,일반 멤버,2025-11-02
전민성2,UC9z0zXukGQL3p3SrFqiTgit,스탠다드,2025-11-02
변나희,UCLqdFek4tAMtUUzrSCpwBwz,스탠다드,2025-11-03
방민은,UC1bGqNAANV_DmlxvkAuu7lr,프리미엄,2025-11-05
송현우2,UCY-bgs5A4Vqjbd3dCDYLqas,일반 멤버,2025-11-06
변서윤,UC8m4fkhg4pE0kq-kz6QdJGR,스탠다드,2025-11-10
맹유성,UC356wMOtJfhx_wv2nciiDul,스탠다드,2025-11-11
홍정수,UCms27Z_c3I56JhUBn6-s5Nx,스탠다드,2025-11-11
어유희,UCHXycK_eK5t1z3k8YeqghFJ,일반 멤버,2025-11-12
장민재,UCncIc9g6k54kReWZdZWxb5W,일반 멤버,2025-11-12
여태윤2,UCjvqVetIEaRa8CooHg4jcY0,스탠다드,2025-11-12
최동현,UCmSnCjwPNiu3N5k34t9BRhb,스탠다드,2025-11-12
용주원,UCZAOzvjMTn0EjYH1zXWFhEk,일반 멤버,2025-11-13
문채원,UCXRe5-hB0nb1SstnP2jPiAC,스탠다드,2025-11-13
장지우,UClNlCzCVEOWDfk4mIBHyH1y,일반 멤버,2025-11-14
추민원,UCMNcW3AUiEPtpuOuv8xfawI,일반 멤버,2025-11-15
은민기,UC7RcbBem3NVC7-DDsLq_WsH,스탠다드,2025-11-16
소승규,UCo1PEPYByCkzyApGf6naaG6,스탠다드,2025-11-18
손준수,UCHCs-LRxvu3aZaagjy780YT,스탠다드,2025-11-20
양동현,UCb0oc4-rrdjvAjDiSYmPAmw,일반 멤버,2025-11-22
홍수원,UCIFOddF9ntPLR83PTxWSYrO,일반 멤버,2025-11-22
심채원,UCIiVeh3rtOnj75DSN6CWKDX,일반 멤버,2025-11-23
성하린,UCi4YuURkadh93gzh81EusUV,일반 멤버,2025-11-24
국성호,UCj-R76JAnzFS5HVac7GZtXV,일반 멤버,2025-11-24
길채현,UCe-UZtMGu0DRSoTZZVORhKa,일반 멤버,2025-11-26
신은은,UCPS04ThtY9leiOKV6P-HbxU,스탠다드,2025-11-26
허세은3,UCpcbA6by6ybVDq9mUk0_swM,프리미엄,2025-11-27
여하현,UCzkvU3DO-OKCRyMR4bRPGgG,일반 멤버,2025-11-27
양재원,UCZOR8FMHuf5QI0IyOx2Cq71,스탠다드,2025-11-29
장세아,UCW8odXugJXsav-kfJQaKw2w,일반 멤버,2025-12-05
여지희2,UC8M817QZt_z4HnZMXyvKHVF,프리미엄,2025-12-06
도태기2,UC1lddmLs8Ejz8ZGwCNvUmEV,일반 멤버,2025-12-06
안다현2,UCj0YAHbzVGb_wUI-aoLpHQ2,스탠다드,2025-12-08
맹은현,UCLqUfj9wxg45wb3ABdLdPeg,프리미엄,2025-12-08
구동현,UCReS3ngi6R8iXWc_ZpZkPhp,일반 멤버,2025-12-09
조소율,UCoZFEFdxNLZc2TwWB0GX1uk,스탠다드,2025-12-09
원다은,UCwHIfW41kCRNU3l3WryBXyJ,프리미엄,2025-12-09
맹도윤,UC3ZC6ePlLqq1EoZX6cx9Gjf,일반 멤버,2025-12-10
마하린,UCcckstoDTGA8EsVI2f0liEA,일반 멤버,2025-12-11
구지아,UCJ1zpP20PTRVwRfWeLDYMei,프리미엄,2025-12-12
용지훈,UCuXyFSc1ZM9RxaioniAcHUU,스탠다드,2025-12-13
장정수,UCDu7xCetxCdPaVsz53c_Wnn,일반 멤버,2025-12-15
구재윤,UC-GEsAnJgmDqWaY5JdJaEdn,일반 멤버,2025-12-16
안준수,UC-TAaA7ACE6Ch6yF5Mc4HKa,프리미엄,2025-12-16
강정호,UCj5zOwNk42QYfJFfc3BtEt6,일반 멤버,2025-12-17
성하영,UCljH0hcnw8uLpboSA7Nkrfa,일반 멤버,2025-12-18
남도윤,UCun6N4KT95OHZMDgUUfLCf1,스탠다드,2025-12-19
기예희,UCwFsNYGfiauZ3_GVk0cKxZx,프리미엄,2025-12-23
양지민,UCj-GskAd38bh0rpCWbK8bhM,일반 멤버,2025-12-23
장동찬,UCXRcAWQ-OnYgWAJf0WQB275,스탠다드,2025-12-23
진민준,UC9iLEsxZtBaRcG7l6HA-nOW,일반 멤버,2025-12-24
남예은,UCSeUIxOxUprGJklHBIUIuSS,스탠다드,2025-12-24
장다은3,UCxWfdgTQJ1ZHGpjNDkAQihw,스탠다드,2025-12-25
진지희,UCiptcFxGDWW_fhQKOdnZ-GY,일반 멤버,2025-12-26
진다희,UCHuj0BKDE5q3oitv28nochM,프리미엄,2025-12-27
박준혁,UCxH7yB-pWojTHGm1rOM5JuR,스탠다드,2025-12-28
제하린,UCZeIKPWlG-D2k49YY4CmyyS,VIP,2025-12-28
황예현,UCW_LtqBitLcfT4cm1wlXihR,스탠다드,2025-12-28
여수현2,UCl6PYEXsHOGVC2o_JbTLqhQ,일반 멤버,2025-12-29
소세희,UCZ8B9Q9wLpdKlYVAfda4ZoX,일반 멤버,2026-01-01
채정규,UC-kGnoUXWm82ensgYZpR1Bg,일반 멤버,2026-01-01
배성찬,UC1vouqDrz9NPWF6MDE5gMvC,스탠다드,2026-01-02
민준서,UCTZlTh3WhAYnrnnm84e1vR8,일반 멤버,2026-01-02
심준찬,UCku8WZw-UPJaKjL-EWDG1PL,스탠다드,2026-01-02
하예희,UCohRNBP2mnUoMwJynA5PAnA,일반 멤버,2026-01-04
엄채원,UCVIVUGQ181ffF457iLgAFWk,일반 멤버,2026-01-05
함현우,UCLRILVEQpaOpOhWbtSzCcgd,일반 멤버,2026-01-05
노준기,UC6p5yabWOve5zqvSz-BA-52,스탠다드,2026-01-07
원유성,UCo-21VhEZR6yYuUOe0RRVHr,스탠다드,2026-01-08
서준기2,UCHpXcAPz4HnZg3bbH-o26l3,일반 멤버,2026-01-08
민민지,UCFUPOODeAuPBDu-07Eqm_od,일반 멤버,2026-01-12
문민원2,UCl3UL24-ichojYo_Bjih85u,일반 멤버,2026-01-12
오나현,UCQOYJ37fr7L6IziN2_IlwUY,일반 멤버,2026-01-13
제성규2,UCXkjg0K_6IIKL7ub7EQprdG,프리미엄,2026-01-14
옥은은,UCa3iaVeWExnh991s6kNHCX7,스탠다드,2026-01-15
주승우,UC2DwVS-_tQfM47ro6P4PA7j,스탠다드,2026-01-18
심준혁,UCut7OjQ4wyhnWqwcpEAQq_F,스탠다드,2026-01-18
손민준,UC_t8VyPZGoUK7yfqxzo9-yO,스탠다드,2026-01-19
여민준,UCNsOW_FHplmxygIVx5wNnB0,스탠다드,2026-01-21
황세원,UCmDZ8Jy3wjPDzpkuC05N_bQ,스탠다드,2026-01-23
방성규,UCz6vG8Q9O8OxQcwnqLTvP5K,일반 멤버,2026-01-24
배다현2,UCMzGusABJAa8ywXxlaIDdCA,일반 멤버,2026-01-26
문성기,UCZFW0PlieXJD4PNN6_lsh8n,일반 멤버,2026-01-27
인채은,UC3Rs4AWBHYzapBvq0Bmr5IO,스탠다드,2026-01-29
명태찬,UCcToAN65n-1pNggmzfHcHzs,일반 멤버,2026-01-31
석유나2,UCeNmb_zH3eISIQ8pbP6lMCB,일반 멤버,2026-02-01
금유은,UC2zVUdjbpIsZ13qFAoaUPu-,일반 멤버,2026-02-02
서지아,UC022etHSNrSqcvTtKPhf7nJ,프리미엄,2026-02-02
전소진,UCb7WgwPdGHOK9tWicgflP9J,스탠다드,2026-02-06
남세원,UCNflMDRH1857NCV57MZOxoA,스탠다드,2026-02-07
은다인,UCBT6Y9Y9x7S2oiyU2hc9108,일반 멤버,2026-02-08
국민희,UCDkCvotNBp4D2SIpLcU1iy0,일반 멤버,2026-02-10
방수원,UC6rLBrRdIZQmylrXJJAsv7h,일반 멤버,2026-02-10
신다은,UCp9-fPjRqDOmV9fxfGgmKbv,프리미엄,2026-02-12
양수은,UCtZvrDFcb0qThYoER8ZwMge,일반 멤버,2026-02-13
남유환,UCyBI7BTJkqOPD9FD6TXoxK4,프리미엄,2026-02-18
왕준기,UCxnoTPfewSu4lxzYaE6u7kX,일반 멤버,2026-02-19
고승수,UCpJQmK55bH3qj6NxUVTYTIi,스탠다드,2026-02-20
지예준,UCbbNCCKCi17FT1est7YVuXW,스탠다드,2026-02-22
제유원,UCvTpZXee6v6T67ip2RqQJTU,일반 멤버,2026-02-26
박태기,UC1ayddskCSY3VZkQ5wch7lo,일반 멤버,2026-02-27
남수원,UCNGv_FpOOPZuS57KAzjBb4K,일반 멤버,2026-02-28
김채은,UCxFFLUaRThY8QsFkXOb_KSK,스탠다드,2026-03-01
구나현,UCciNkmPv6ueCgHXX_haMSNa,프리미엄,2026-03-02
안승우,UC0NPddVSy7Cyn3L7gdEQUAn,일반 멤버,2026-03-03
염유나,UCJqp4Na3-qCcZnapLOcRJBY,일반 멤버,2026-03-05
임승우,UCxf-udVbHW_sTtTvdYRpS37,프리미엄,2026-03-06
변수원,UC0YbFc1Xr8lJYecIS0VVbJd,일반 멤버,2026-03-06
유예린,UCGrA2PnzAnB-xNWmUvHGRQ5,일반 멤버,2026-03-08
반유은,UCETx4ovOiCrW4Y2hiUfmuXw,일반 멤버,2026-03-09
서세아2,UCCbulPEhHYqGtJu6RUllPIH,일반 멤버,2026-03-09
우지성,UCUZFlCJTAZ-ze5h7dz3v8kf,일반 멤버,2026-03-09
엄하현,UCDj8tpmrzE5D10cmq1hKtcy,일반 멤버,2026-03-10
진동수,UCeiOZEMbYurFUMwsrfVcxeO,스탠다드,2026-03-11
편성호,UCLqzaEWrLJ9gYcTPNLPzWuh,일반 멤버,2026-03-12
임서준,UCoXzW8hRz3PfOF8zl_so4xU,스탠다드,2026-03-12
장승호,UCh-8WOD5HdoVjwHHzchxpmQ,일반 멤버,2026-03-13
강지은,UCPDzjAgHdzSGG2jL41UUzoi,스탠다드,2026-03-13
류도윤,UCk7SuMyJAdTGVfr4rXlfEbb,일반 멤버,2026-03-15
권성수,UCIIQKQ9vV1V-0DUPspFoO79,일반 멤버,2026-03-15
함정찬,UCe5POYSNaRwh9M26dRE47B1,일반 멤버,2026-03-16
변다현,UCyhPseX18GkNgfC2T7B3wW2,일반 멤버,2026-03-17
추하린,UC38-A0xIDXsGIUJc8jXuBzv,일반 멤버,2026-03-18
원지호,UCw0CfozrybIM_fkb_NI3oQq,일반 멤버,2026-03-20
윤정규,UCVFDcRzPC6tuncvxhVnYX6m,일반 멤버,2026-03-20
하승규,UCupeoYkteua7LfVbLx1VgDp,일반 멤버,2026-03-20
심서준,UCnbwF2lT7eyyb6hVbUJjYKG,스탠다드,2026-03-23
함유찬,UChvEd0TgqeoSfAnIAnww0Hw,스탠다드,2026-03-23
최성수,UCyxpy6ZI3QQCWQiwLweDPJK,스탠다드,2026-03-23
금하은2,UCRFNE882i9oyMzvWIo7qkCE,일반 멤버,2026-03-24
하소율,UCU7SuafT-Q2oLHb50y0wNWL,스탠다드,2026-03-24
박유성,UCYGco-r1dhS6pf1-7_TUUjv,일반 멤버,2026-03-25
은태규,UCo2xhs_qmlZ_R5X6y-xMVSg,일반 멤버,2026-03-26
여세은,UCmNKoDT7YAX8o_5JZdLjZbG,스탠다드,2026-03-26
방가은,UCna6DMMCMRGQjnbnsWpXOSS,프리미엄,2026-03-26
신준호,UCShkbsaIMw4TstRayX1EA_j,스탠다드,2026-03-27
원예희,UCMqNUbTvHaaeJW3pXKDOz5Y,일반 멤버,2026-03-28
장민준,UC3CSmCBM8WXS0wVQq0MnQHv,스탠다드,2026-03-28
유나원,UC4gGxvBy7Fs_Nx8WNtcDyjh,일반 멤버,2026-03-29
박유진,UCupK7EFrZPGNXRp7G8S8gNX,프리미엄,2026-03-29
송아린,UCr-a8mDe_g7KmlX-hMxgrKV,일반 멤버,2026-03-29
정태규,UCndkUIM4F-7oPJrrPZ_ECMD,일반 멤버,2026-03-29
남수아,UC0Ej-Hq8UzAoBgfj2gAkroc,스탠다드,2026-04-01
강민재,UCjZ9xlI27S_SY7jKAKj4lcA,일반 멤버,2026-04-01
손현우,UC_Q1lpaWGoRVKLsafq_yZg2,스탠다드,2026-04-02
표소율,UCaPGoNy1cF4NZnBtmP5KAfx,스탠다드,2026-04-04
양민성,UCQxknqlXYuwqk1_qNwvPExm,스탠다드,2026-04-06
